EmployeeNumber,Age,DistanceFromHome,EnvironmentSatisfaction,JobLevel,JobSatisfaction,MonthlyIncome,NumCompaniesWorked,PercentSalaryHike,PerformanceRating,StockOptionLevel,TotalWorkingYears,TrainingTimesLastYear,YearsAtCompany,YearsInCurrentRole,YearsSinceLastPromotion,YearsWithCurrManager,Attrition,BusinessTravel,Department,EducationField,Gender,JobRole,MaritalStatus,OverTime
1,41,1,2,2,4,5993,8,11,3,0,8,0,6,4,0,5,1,2,2,1,0,7,2,1
2,49,8,3,2,2,5130,1,23,4,1,10,3,10,7,1,7,0,1,1,1,1,6,1,0
4,37,2,4,1,3,2090,6,15,3,0,7,3,0,0,0,0,1,2,2,4,1,2,2,1
5,33,3,4,1,3,2909,1,11,3,0,8,3,8,7,3,0,0,1,1,1,0,6,1,1
7,27,2,1,1,2,3468,9,12,3,1,6,3,2,2,2,2,0,2,2,3,1,2,1,0
8,32,2,4,1,4,3068,0,13,3,0,8,2,7,7,3,6,0,1,1,1,1,2,2,0
10,59,3,3,1,1,2670,4,20,4,3,12,3,1,0,0,0,0,2,2,3,0,2,1,1
11,30,24,4,1,3,2693,1,22,4,1,1,2,1,0,0,0,0,2,2,1,1,2,0,0
12,38,23,4,3,3,9526,0,21,4,0,10,2,9,7,1,8,0,1,1,1,1,4,2,0
13,36,27,3,2,3,5237,6,13,3,2,17,3,7,7,7,7,0,2,2,3,1,0,1,0
14,35,16,1,1,2,2426,0,13,3,1,6,5,5,4,0,3,0,2,2,3,1,2,1,0
15,29,15,4,2,3,4193,0,12,3,0,10,3,9,5,0,8,0,2,2,1,0,2,2,1
16,31,26,1,1,3,2911,1,17,3,1,5,1,5,2,4,3,0,2,2,1,1,6,0,0
18,34,19,2,1,4,2661,0,11,3,1,3,2,2,2,1,2,0,2,2,3,1,2,0,0
19,28,24,3,1,3,2028,5,14,3,0,6,4,4,2,0,3,1,2,2,1,1,2,2,1
20,29,21,2,3,1,9980,1,11,3,1,10,1,10,9,8,8,0,2,2,1,0,4,0,0
21,32,5,1,1,2,3298,0,12,3,2,7,5,6,2,0,5,0,2,2,1,1,6,0,1
22,22,16,4,1,4,2935,1,13,3,2,1,2,1,0,0,0,0,0,0,3,1,2,0,1
23,53,2,1,4,4,15427,2,16,3,0,31,3,25,8,3,7,0,2,2,1,0,3,1,0
24,38,2,4,1,4,3944,5,11,3,0,6,3,3,2,1,2,0,2,2,1,1,6,2,1
26,24,11,1,2,3,4011,0,18,3,1,5,5,4,2,1,3,0,0,0,4,0,4,0,0
27,36,9,3,1,1,3407,7,23,4,0,10,4,5,3,0,3,1,2,2,1,1,8,2,0
28,34,7,1,3,2,11994,0,11,3,0,13,4,12,6,2,11,0,2,2,1,0,5,2,0
30,21,15,3,1,4,1232,1,14,3,0,0,6,0,0,0,0,0,2,2,1,1,6,2,0
31,34,6,2,1,1,2960,2,11,3,0,8,2,4,2,1,3,1,2,2,3,1,6,2,0
32,53,5,3,5,3,19094,4,11,3,1,26,3,14,13,4,8,0,2,2,4,0,3,0,0
33,32,16,2,1,1,3919,1,22,4,0,10,5,10,2,6,7,1,1,1,1,0,6,2,1
35,42,8,3,2,2,6825,0,11,3,1,10,2,9,7,4,2,0,2,2,2,1,7,1,0
36,44,7,1,3,4,10248,3,14,3,1,24,4,22,6,5,17,0,2,2,3,0,0,1,0
38,46,2,2,5,1,18947,3,12,3,0,22,2,2,2,2,1,0,2,2,2,0,3,2,0
39,33,2,3,1,4,2496,4,11,3,0,7,3,1,1,0,0,0,2,2,3,1,2,2,0
40,44,10,4,2,4,6465,2,13,3,0,9,5,4,2,1,3,0,2,2,4,1,0,1,1
41,30,9,4,1,3,2206,1,13,3,0,10,5,10,0,1,8,0,2,2,3,1,2,2,0
42,39,5,4,2,4,2086,3,14,3,1,19,6,1,0,0,0,1,2,2,5,1,8,1,0
45,24,1,2,1,4,2293,2,16,3,1,6,2,2,0,2,0,1,2,2,3,1,6,1,1
46,43,2,4,1,3,2645,1,12,3,2,6,3,5,3,1,4,0,2,2,3,0,6,0,0
47,50,3,1,1,3,2683,1,14,3,0,3,2,3,2,0,2,1,2,2,2,1,8,1,1
49,35,2,4,1,4,2014,1,13,3,0,2,3,2,2,2,2,0,2,2,2,0,8,1,0
51,36,5,2,1,1,3419,9,14,3,1,6,3,1,1,0,0,0,2,2,1,0,6,1,1
52,33,1,3,2,1,5376,2,19,3,2,10,3,5,3,1,3,0,1,1,1,0,7,1,0
53,35,4,3,1,4,1951,1,12,3,1,1,3,1,0,0,0,0,2,2,4,1,2,0,0
54,27,2,4,1,1,2341,1,13,3,1,1,6,1,0,0,0,0,2,2,1,0,2,0,0
55,26,25,1,1,3,2293,1,12,3,0,1,2,1,0,0,1,1,2,2,1,1,2,2,0
56,27,8,4,3,3,8726,1,15,3,0,9,0,9,8,1,7,0,1,1,1,1,7,2,0
57,30,1,3,2,4,4011,1,23,4,0,12,2,12,8,3,7,0,1,1,3,0,2,2,0
58,41,12,2,5,3,19545,1,12,3,0,23,0,22,15,15,8,1,2,2,5,0,5,1,0
60,34,23,2,2,3,4568,0,20,4,0,10,2,9,5,8,7,0,0,0,2,1,7,2,0
61,37,19,2,1,2,3022,4,21,4,0,8,1,1,0,0,0,0,2,2,1,1,6,1,0
62,46,5,1,2,4,5772,4,21,4,0,14,4,9,6,0,8,0,1,1,2,1,7,2,1
63,35,8,4,1,4,2269,1,19,3,0,1,2,1,0,0,1,0,2,2,1,1,2,1,0
64,48,1,1,3,3,5381,9,13,3,0,23,2,1,0,0,0,1,2,2,1,1,2,2,1
65,28,5,3,1,3,3441,1,13,3,0,2,3,2,2,2,2,1,2,2,5,1,2,2,1
68,44,1,2,2,1,5454,5,21,4,1,9,2,4,3,1,3,0,2,2,2,0,7,0,1
70,35,11,3,3,1,9884,2,13,3,1,10,3,4,0,2,3,0,0,0,3,1,0,1,1
72,26,23,3,2,4,4157,7,19,3,1,5,2,2,2,0,0,0,2,2,2,0,7,1,1
73,33,1,1,3,4,13458,1,12,3,0,15,1,15,14,8,12,0,1,1,1,0,5,2,1
74,35,18,2,3,1,9069,1,22,4,1,9,3,9,8,1,8,0,1,1,1,1,7,1,0
75,35,23,3,1,1,4014,3,15,3,1,4,3,2,2,2,2,0,2,2,3,0,2,1,1
76,31,7,4,2,4,5915,3,22,4,1,10,3,7,7,1,7,0,2,2,1,1,2,0,0
77,37,1,1,2,3,5993,1,18,3,1,7,2,7,5,0,7,0,2,2,1,1,4,0,0
78,32,1,1,2,4,6162,1,22,4,1,9,3,9,8,7,8,0,2,2,3,1,4,1,1
79,38,29,4,2,4,2406,1,11,3,0,10,2,10,3,9,9,0,1,1,1,0,2,2,0
80,50,7,2,5,3,18740,5,12,3,1,29,2,27,3,13,8,0,2,2,3,0,5,0,1
81,59,25,1,3,1,7637,7,11,3,0,28,3,21,16,7,9,0,2,2,1,0,7,2,0
83,36,8,3,3,3,10096,1,13,3,3,17,2,17,14,12,8,0,2,2,5,0,0,0,0
84,55,8,4,4,3,14756,2,14,3,3,21,2,5,0,0,2,0,2,2,3,0,3,0,1
85,36,11,2,2,2,6499,1,13,3,0,6,3,6,5,0,3,0,1,1,1,1,4,2,0
86,45,7,2,3,1,9724,2,17,3,1,25,2,1,0,0,0,0,2,2,1,1,6,0,0
88,35,1,2,1,1,2194,4,13,3,1,5,2,3,2,1,2,0,1,1,3,1,6,1,0
90,36,9,4,1,3,3388,0,17,3,1,2,0,1,0,0,0,1,2,2,3,1,6,1,1
91,59,1,1,2,3,5473,7,11,3,0,20,2,4,3,1,3,0,1,1,1,0,7,2,0
94,29,2,3,1,2,2703,0,23,4,1,6,3,5,4,0,4,0,2,2,1,1,6,1,0
95,31,1,3,1,2,2501,1,17,3,0,1,4,1,1,1,0,0,2,2,3,1,6,2,0
96,32,1,2,2,2,6220,1,17,3,2,10,3,10,4,0,9,0,2,2,1,1,6,1,0
97,36,6,2,1,4,3038,3,12,3,0,5,3,1,0,0,0,0,2,2,1,0,2,1,0
98,31,8,3,2,4,4424,1,23,4,0,11,2,11,7,1,8,0,2,2,1,0,4,2,0
100,35,1,3,2,1,4312,0,14,3,0,16,2,15,13,2,8,0,2,2,2,1,7,2,0
101,45,6,4,3,1,13245,4,14,3,0,17,3,0,0,0,0,0,2,2,4,1,5,1,1
102,37,7,1,3,3,13664,4,13,3,0,16,3,5,2,0,2,0,2,2,3,1,5,2,0
103,46,5,2,2,2,5021,8,22,4,1,16,2,4,2,0,2,0,2,2,3,1,1,0,1
104,30,1,4,2,4,5126,1,12,3,2,10,1,10,8,3,0,0,2,2,1,1,2,1,1
105,35,1,2,1,3,2859,1,18,3,0,6,3,6,4,0,4,0,2,2,3,1,6,2,0
106,55,1,1,3,4,10239,3,14,3,1,24,4,1,0,1,0,0,2,2,1,1,7,1,0
107,38,6,2,2,4,5329,7,12,3,3,17,3,13,11,1,9,0,0,0,3,0,6,0,1
110,34,1,1,2,2,4325,1,15,3,0,5,2,5,2,1,3,0,2,2,3,1,4,1,0
112,56,7,4,3,4,7260,4,11,3,0,37,3,6,4,0,2,0,2,2,1,1,4,2,0
113,23,2,3,1,1,2322,3,13,3,1,3,3,0,0,0,0,0,2,2,5,1,8,0,0
116,51,9,4,1,4,2075,3,23,4,2,10,4,4,2,0,3,0,2,2,1,1,2,1,0
117,30,2,3,2,4,4152,1,19,3,3,11,3,11,10,10,8,0,2,2,1,1,0,1,0
118,46,9,3,3,4,9619,1,16,3,0,9,3,9,8,4,7,1,2,2,3,1,7,2,0
119,40,1,3,4,2,13503,1,22,4,1,22,3,22,3,11,11,0,1,1,1,1,0,1,0
120,51,21,3,2,4,5441,0,22,4,0,11,2,10,7,1,0,0,2,2,2,1,7,2,1
121,30,4,3,2,2,5209,1,12,3,3,11,4,11,8,2,7,0,2,2,3,0,7,0,1
124,46,1,3,3,1,10673,2,13,3,1,21,5,10,9,9,5,0,1,1,3,1,0,1,1
125,32,6,2,2,3,5010,1,16,3,0,12,0,11,8,5,7,0,2,2,3,1,7,2,0
126,54,2,1,3,3,13549,9,12,3,1,16,5,4,3,0,3,0,2,2,5,0,5,1,0
128,24,3,1,2,3,4999,0,21,4,1,4,2,3,2,0,2,0,2,2,4,0,7,1,0
129,28,4,2,2,3,4221,1,15,3,0,5,3,5,4,0,4,0,0,0,3,1,7,1,0
131,58,10,4,4,3,13872,0,13,3,0,38,1,37,10,1,8,0,2,2,3,1,7,2,0
132,44,23,2,2,2,2042,4,12,3,1,17,3,3,2,1,2,0,0,0,3,1,2,1,0
133,37,6,3,1,1,2073,4,22,4,0,7,3,3,2,0,2,1,2,2,0,1,1,0,1
134,32,1,4,1,1,2956,1,13,3,0,1,2,1,0,0,0,0,2,2,1,1,6,2,0
137,20,6,4,1,4,2926,1,18,3,0,1,5,1,0,1,0,1,1,1,1,0,2,2,1
138,34,6,1,2,3,4809,1,14,3,0,16,3,16,13,2,10,0,2,2,4,0,6,2,0
139,37,2,3,2,4,5163,5,14,3,1,17,2,1,0,0,0,0,0,0,1,1,0,0,0
140,59,2,3,5,4,18844,9,21,4,1,30,3,3,2,2,2,0,0,0,0,0,3,1,0
141,50,1,1,5,2,18172,3,19,3,0,28,1,8,3,0,7,0,1,1,1,0,5,1,1
142,25,5,3,2,3,5744,1,11,3,0,6,1,6,4,0,3,1,2,2,2,1,7,2,1
143,25,7,4,1,4,2889,1,11,3,2,2,2,2,2,2,1,0,2,2,3,1,6,1,0
144,22,15,2,1,4,2871,1,15,3,0,1,5,0,0,0,0,0,2,2,3,0,2,2,0
145,51,1,1,3,1,7484,3,20,4,0,23,1,13,12,12,8,0,1,1,3,0,0,2,0
147,34,7,1,2,3,6074,1,24,4,0,9,3,9,7,0,6,1,1,1,1,1,2,2,1
148,54,26,4,4,4,17328,2,12,3,0,23,3,5,3,4,4,0,0,0,0,0,3,2,1
150,24,18,2,1,3,2774,0,12,3,1,6,2,5,3,1,2,0,2,2,1,1,2,1,0
151,34,6,3,2,2,4505,6,15,3,1,12,3,1,0,0,0,0,2,2,1,0,6,0,0
152,37,3,3,3,4,7428,2,12,3,0,12,3,5,3,1,3,0,2,2,1,1,7,2,0
153,34,5,3,3,1,11631,2,12,3,0,14,6,11,10,5,8,0,2,2,3,0,3,2,0
154,36,11,2,3,4,9738,0,14,3,1,10,6,9,7,2,8,0,1,1,5,0,7,1,0
155,36,3,1,1,4,2835,5,22,4,1,7,2,1,0,0,0,0,2,2,1,0,2,0,0
158,43,26,3,4,4,16959,1,12,3,2,25,3,25,12,4,12,0,1,1,1,1,3,1,1
159,30,23,1,1,3,2613,1,25,4,3,10,2,10,7,0,9,0,1,1,1,1,6,0,0
160,33,22,3,2,2,6146,0,13,3,1,8,2,7,7,0,7,0,0,0,2,1,7,1,0
161,56,14,2,1,2,4963,9,18,3,3,7,2,5,4,4,3,1,2,2,1,0,6,1,1
162,51,6,1,5,3,19537,7,13,3,0,23,5,20,18,15,15,0,2,2,1,1,5,2,0
163,31,6,2,2,3,6172,4,18,3,0,12,3,7,7,7,7,1,2,2,1,1,7,1,1
164,26,6,3,1,2,2368,1,19,3,0,5,3,5,4,4,3,0,2,2,4,0,6,1,0
165,58,23,4,3,4,10312,1,12,3,1,40,3,40,10,15,6,1,2,2,3,0,0,1,0
167,19,22,4,1,3,1675,1,19,3,0,0,2,0,0,0,0,1,2,2,2,1,8,2,1
169,22,2,3,1,4,2523,0,14,3,1,3,2,2,1,2,1,0,2,2,5,1,2,1,0
170,49,20,3,2,1,6567,1,14,3,0,16,2,15,11,5,11,0,2,2,3,0,4,1,0
171,43,28,2,1,3,4739,4,12,3,0,18,2,3,2,1,2,0,1,1,3,0,6,2,0
174,50,12,3,3,4,9208,4,11,3,0,16,3,2,2,2,1,0,1,1,2,0,7,2,0
175,31,20,2,2,3,4559,3,11,3,1,4,2,2,2,2,2,1,2,2,1,0,7,1,1
176,41,9,3,3,3,8189,3,13,3,1,12,2,9,7,0,7,0,2,2,1,1,7,0,1
177,26,25,3,1,3,2942,1,23,4,1,8,3,8,7,5,7,0,2,2,1,0,1,1,0
178,36,6,2,2,2,4941,6,20,4,2,7,0,3,2,0,1,0,2,2,3,1,4,0,0
179,51,8,1,3,4,10650,2,15,3,0,18,2,4,2,0,3,1,1,1,1,1,4,2,0
182,39,4,4,2,3,5902,4,14,3,1,17,1,15,11,5,9,0,2,2,1,0,7,1,0
183,25,28,1,2,3,8639,2,18,3,0,6,3,2,2,2,2,0,2,2,1,1,7,1,0
184,30,9,3,2,4,6347,0,19,3,0,12,2,11,9,4,7,0,2,2,0,1,1,1,1
190,32,9,1,1,1,4200,7,22,4,0,10,2,5,4,0,4,1,2,2,3,0,2,2,0
192,45,29,3,1,4,3452,5,13,3,0,9,2,6,5,0,3,0,2,2,3,1,6,2,0
193,38,3,4,2,3,4317,3,20,4,0,19,2,3,2,2,2,0,2,2,5,0,6,2,1
194,30,18,1,1,3,2632,1,14,3,0,5,4,5,4,0,4,0,2,2,1,0,6,2,0
195,32,9,4,2,4,4668,0,17,3,3,9,2,8,7,0,7,0,1,1,3,1,7,0,0
197,30,5,4,1,1,3204,5,14,3,1,8,3,3,2,2,2,0,2,2,5,0,6,0,0
198,30,2,2,1,4,2720,0,13,3,0,6,3,5,3,1,2,0,2,2,3,1,2,2,0
199,41,10,4,4,1,17181,4,13,3,1,21,2,7,6,7,7,0,1,1,1,1,3,0,0
200,41,9,3,1,1,2238,2,21,4,1,7,2,5,0,1,4,0,2,2,1,1,2,1,0
201,19,3,2,1,2,1483,1,14,3,0,1,3,1,0,0,0,0,2,2,3,0,2,2,0
202,40,26,2,2,2,5605,1,11,3,1,20,2,20,7,2,13,0,1,1,3,0,6,0,0
204,35,1,3,3,2,7295,1,13,3,2,10,3,10,8,0,6,0,2,2,2,1,7,1,0
205,53,6,2,2,3,2306,2,20,4,1,13,3,7,7,4,5,0,2,2,2,1,8,1,1
206,45,9,2,2,2,2348,8,18,3,1,20,2,17,9,0,15,0,2,2,1,1,2,0,0
207,32,8,2,3,4,8998,1,14,3,0,9,2,9,8,3,7,0,1,1,2,0,7,2,0
208,29,1,4,2,3,4319,1,13,3,1,10,1,10,7,0,9,0,0,0,5,1,4,1,0
211,51,7,2,2,3,6132,2,17,3,0,10,2,1,0,0,0,0,2,2,3,1,4,1,0
214,58,9,2,1,2,3346,4,20,4,1,9,3,1,0,0,0,0,2,2,3,0,6,1,1
215,40,4,3,3,4,10855,7,11,3,1,15,2,12,11,2,11,0,2,2,2,1,7,1,0
216,34,2,3,1,3,2231,6,18,3,1,6,3,4,3,1,2,0,1,1,2,0,8,1,0
217,22,19,3,1,4,2323,1,24,4,2,2,6,2,2,2,2,0,2,2,3,1,6,1,0
218,27,9,4,1,2,2024,6,18,3,1,6,1,2,2,2,2,0,0,0,3,1,6,0,0
221,28,21,3,1,4,2713,1,11,3,1,5,2,5,2,0,2,0,2,2,3,1,6,1,0
223,57,24,3,3,4,9439,3,16,3,1,12,2,5,3,1,4,0,2,2,1,1,0,0,1
224,27,3,3,1,3,2566,1,15,3,1,1,2,1,1,0,1,0,0,0,3,1,6,0,1
226,50,11,3,5,2,19926,3,15,3,0,21,5,5,4,4,4,0,2,2,1,0,3,2,0
227,41,14,1,1,3,2451,4,12,3,1,13,2,9,8,1,8,0,2,2,1,1,6,0,0
228,30,5,2,3,4,9419,2,12,3,1,12,2,10,9,7,4,0,2,2,1,0,7,1,0
230,38,1,1,2,4,8686,4,22,4,0,12,2,8,3,0,7,0,2,2,1,0,7,2,0
231,32,6,3,1,3,3038,3,20,4,0,8,2,5,4,1,4,0,2,2,1,1,6,2,0
233,27,17,3,1,2,3058,0,16,3,1,6,3,5,2,1,1,0,2,2,5,1,6,1,1
235,19,1,3,1,1,2325,0,21,4,0,1,5,0,0,0,0,1,1,1,5,0,8,2,0
238,36,3,4,1,2,2088,4,12,3,0,13,3,8,7,7,2,0,1,1,3,1,2,2,0
239,30,9,3,2,1,3072,1,11,3,2,12,4,12,9,6,10,0,0,0,3,1,2,0,0
240,45,4,3,2,1,5006,4,11,3,1,9,3,5,4,0,3,0,2,2,1,0,7,0,1
241,56,8,3,1,1,4257,4,18,3,1,19,3,2,2,2,2,0,2,2,1,0,6,0,1
242,33,2,3,1,4,2500,0,14,3,0,4,2,3,1,0,2,0,2,2,1,1,6,2,0
243,19,2,2,1,4,1102,1,22,4,0,1,3,1,0,1,0,1,2,2,1,1,2,2,0
244,46,1,2,3,1,10453,1,25,4,3,24,2,24,13,15,7,0,2,2,2,0,7,0,0
245,38,9,3,1,4,2288,1,12,3,0,2,3,2,2,2,1,0,2,2,1,0,2,2,0
246,31,12,3,1,4,3929,8,23,4,1,7,0,4,2,0,2,0,2,2,3,0,6,1,1
247,34,27,4,1,2,2311,2,15,3,0,9,3,3,2,1,2,0,2,2,3,0,6,2,0
248,41,20,2,1,2,3140,1,22,4,0,4,5,4,3,0,2,1,2,2,2,0,8,2,1
249,50,1,3,1,3,3690,2,15,3,1,5,2,3,2,0,2,0,2,2,3,1,2,1,0
250,53,13,4,2,1,4450,1,11,3,2,5,3,4,2,1,3,0,2,2,3,0,4,0,0
252,33,14,4,1,2,2756,1,13,3,1,8,5,8,7,1,6,0,2,2,3,0,6,1,0
253,40,4,4,5,3,19033,1,14,3,1,21,2,20,8,9,9,0,2,2,3,0,3,1,0
254,55,14,3,5,2,18722,8,11,3,0,36,3,24,15,2,15,0,2,2,3,1,5,2,0
256,34,2,4,2,3,9547,1,17,3,0,10,2,10,9,1,9,0,1,1,1,1,4,1,0
258,51,3,4,4,2,13734,3,18,3,0,21,6,7,7,1,0,0,2,2,3,0,0,2,0
259,52,1,3,5,3,19999,0,14,3,1,34,5,33,18,11,9,0,2,2,1,1,3,1,0
260,27,9,4,1,2,2279,1,16,3,0,7,2,7,7,0,3,0,2,2,3,0,6,2,0
261,35,23,2,2,3,5916,3,13,3,0,8,1,1,0,0,1,1,2,2,1,1,4,1,1
262,43,7,4,1,4,2089,4,14,3,3,7,3,5,4,2,2,0,0,0,3,1,6,0,0
264,45,2,1,4,4,16792,9,23,4,1,22,1,20,8,11,8,0,0,0,3,1,3,1,0
267,37,21,2,1,1,3564,1,12,3,1,8,3,8,7,1,7,0,2,2,1,1,6,1,1
269,35,2,2,2,2,4425,5,11,3,0,10,5,6,2,1,2,0,1,1,3,0,2,2,0
270,42,21,3,2,3,5265,2,16,3,1,11,5,5,3,0,2,0,0,0,3,0,4,0,0
271,38,2,4,2,3,6553,9,14,3,0,14,3,1,0,0,0,0,2,2,1,1,4,1,0
273,38,29,4,2,4,6261,3,18,3,1,9,3,7,7,1,7,0,2,2,5,1,4,1,0
274,27,1,3,2,1,4298,5,19,3,1,6,1,2,2,2,0,0,1,1,5,1,4,1,0
275,49,18,4,2,4,6804,1,15,3,2,7,0,7,7,1,7,0,0,0,1,1,4,0,1
277,34,10,4,1,3,3815,1,17,3,1,5,4,5,3,2,0,0,1,1,3,1,6,0,1
281,40,19,3,2,4,2741,8,15,3,1,15,2,7,2,3,7,0,2,2,3,1,2,1,1
282,38,29,2,2,1,6673,7,19,3,0,17,2,1,0,0,0,1,2,2,3,1,0,1,1
283,29,27,2,3,4,7639,1,22,4,3,10,3,10,4,1,9,1,2,2,2,0,7,1,0
284,22,5,4,1,2,2328,1,16,3,1,4,2,4,2,2,2,0,2,2,1,1,6,0,1
286,36,18,2,1,4,2153,1,13,3,0,8,2,8,1,1,7,0,1,1,3,0,2,2,0
287,40,9,4,2,4,4876,9,14,3,1,5,5,3,2,0,2,0,0,0,1,1,0,1,0
288,46,1,4,3,1,9396,7,16,3,1,17,3,4,2,0,3,0,2,2,3,1,0,0,0
291,32,4,4,3,4,10400,1,11,3,0,14,2,14,8,9,8,1,2,2,3,1,7,1,0
292,30,1,3,3,3,8474,1,22,4,0,12,2,11,8,5,8,0,0,0,1,1,4,2,0
293,27,20,4,2,3,9981,1,14,3,0,7,2,7,7,0,7,0,1,1,1,0,7,2,0
296,51,8,2,3,2,12490,5,16,3,2,16,5,10,9,4,7,0,2,2,1,1,5,1,0
297,30,3,4,1,1,2657,5,11,3,0,8,5,5,2,0,4,1,2,2,5,0,6,2,1
298,41,6,4,3,4,13591,3,18,3,0,16,3,1,0,0,0,0,2,2,1,0,3,2,1
299,30,26,3,2,1,6696,5,15,3,0,9,5,6,3,0,1,1,1,1,2,0,7,2,0
300,29,1,3,1,3,2058,0,14,3,0,7,1,6,2,1,5,1,2,2,5,1,6,2,0
302,45,6,4,3,4,8865,6,12,3,0,23,2,19,7,12,8,0,0,0,3,0,7,2,0
303,54,3,4,2,1,5940,2,14,3,1,16,4,6,2,0,5,0,2,2,2,0,7,1,0
304,36,5,4,2,2,5914,8,16,3,0,16,3,13,11,3,7,0,2,2,1,1,2,2,0
305,33,4,3,1,2,2622,6,21,4,0,7,3,3,2,1,1,0,2,2,3,0,6,1,0
306,37,11,2,3,4,12185,1,14,3,3,10,1,10,8,0,7,0,1,1,4,1,5,0,1
307,38,3,1,3,3,10609,0,12,3,2,17,6,16,10,5,13,0,2,2,1,1,7,0,0
308,31,1,3,2,3,4345,0,12,3,1,6,2,5,4,1,4,0,0,0,3,1,4,1,0
309,59,3,3,1,4,2177,3,17,3,1,7,6,1,0,0,0,0,2,2,1,1,6,1,0
311,37,4,1,1,4,2793,4,17,3,1,13,2,9,8,5,8,0,1,1,2,1,8,0,0
312,29,1,2,3,4,7918,1,14,3,1,11,5,11,10,4,1,0,1,1,3,0,7,1,0
314,35,1,3,3,3,8789,1,14,3,0,10,3,10,7,0,8,0,1,1,2,0,7,2,0
315,29,18,3,1,4,2389,1,13,3,0,4,3,4,3,0,1,1,2,2,3,1,6,2,1
316,52,2,3,1,4,3212,7,15,3,0,6,3,2,2,2,2,0,2,2,1,0,2,2,0
319,42,4,3,5,4,19232,1,11,3,0,22,3,22,17,11,15,0,2,2,5,1,3,1,0
321,59,6,2,1,3,2267,8,17,3,0,7,2,2,2,2,2,0,2,2,3,1,1,1,0
323,50,1,4,5,4,19517,3,11,3,1,32,3,7,0,0,6,0,2,2,3,0,3,0,0
325,33,14,3,1,4,2436,5,13,3,1,8,2,5,4,0,4,1,2,2,3,1,2,1,1
327,43,16,4,4,4,16064,5,22,4,1,22,3,17,13,1,9,0,2,2,2,0,3,1,1
328,33,2,1,1,1,2707,7,20,4,0,13,3,9,7,1,7,1,2,2,1,0,2,1,0
329,52,2,1,5,3,19068,1,18,3,0,33,2,33,7,15,12,0,0,0,1,1,3,2,1
330,32,4,3,1,2,3931,2,11,3,1,6,5,4,3,1,2,0,2,2,1,0,8,1,0
331,32,1,4,1,3,3730,0,14,3,0,4,2,3,2,1,2,1,2,2,1,1,2,2,1
332,39,1,3,1,3,2232,7,14,3,3,7,1,3,2,1,2,0,2,2,3,0,2,0,0
333,32,26,3,2,4,4465,0,18,3,0,4,2,3,2,2,2,0,0,0,2,1,7,1,0
334,41,19,3,2,1,3072,2,16,3,2,17,2,1,0,0,0,0,2,2,1,1,6,0,0
335,40,24,1,2,4,3319,1,17,3,2,9,3,9,8,4,7,0,2,2,5,1,6,0,0
336,45,1,3,5,4,19202,0,11,3,1,25,2,24,0,1,7,0,2,2,4,1,3,1,0
337,31,3,2,3,3,13675,9,12,3,1,9,3,2,2,2,2,0,1,1,3,1,5,0,0
338,33,5,3,1,4,2911,1,13,3,1,2,2,2,2,0,2,0,2,2,1,0,6,1,0
339,34,2,4,2,1,5957,6,13,3,1,13,3,11,9,5,9,0,2,2,1,1,4,1,0
340,37,1,3,1,1,3920,2,14,3,1,17,2,3,1,0,2,0,2,2,3,0,6,1,0
341,45,7,1,2,3,6434,4,17,3,1,9,1,3,2,0,2,0,1,1,1,1,4,1,0
342,37,10,1,3,3,10048,6,11,3,2,17,5,1,0,0,0,1,1,1,3,1,4,0,0
343,39,2,3,3,3,10938,0,25,4,0,20,1,19,6,11,8,0,1,1,5,0,0,2,0
346,29,15,3,1,4,2340,1,19,3,0,6,1,6,5,1,5,0,2,2,1,1,6,2,0
347,42,17,4,2,1,6545,3,13,3,0,10,1,3,2,0,2,0,2,2,1,0,6,2,1
349,29,20,4,2,4,6931,2,14,3,1,10,2,3,2,0,2,0,2,2,2,1,7,0,0
350,25,1,1,2,3,4898,0,12,3,2,5,3,4,2,1,2,0,2,2,1,0,4,1,0
351,42,2,4,1,1,2593,0,11,3,1,10,4,9,6,7,8,0,2,2,3,0,2,0,1
352,40,2,1,5,3,19436,0,19,3,1,22,5,21,7,3,9,0,2,2,3,1,5,0,0
353,51,1,3,1,4,2723,1,11,3,0,1,0,1,0,0,0,0,2,2,1,1,6,1,0
355,31,29,3,1,2,3479,0,11,3,0,6,2,5,4,1,4,1,1,1,3,1,2,2,0
359,32,7,2,1,2,2794,1,20,4,0,5,3,5,1,0,3,0,1,1,1,1,2,1,0
361,38,2,4,2,4,5249,3,18,3,1,13,0,8,7,7,5,0,0,0,1,1,7,1,0
362,32,2,4,2,1,2176,4,13,3,0,9,5,6,2,0,4,0,2,2,5,1,2,2,0
363,46,2,3,4,2,16872,3,12,3,1,28,2,7,7,7,7,0,2,2,5,0,3,1,1
364,28,2,1,1,3,3485,2,11,3,0,5,5,0,0,0,0,1,2,2,1,1,2,2,0
366,29,2,1,2,2,6644,2,19,3,2,10,2,0,0,0,0,0,2,2,3,1,7,1,0
367,31,23,2,2,4,5582,0,21,4,1,10,2,9,0,7,8,0,2,2,3,1,0,1,0
369,25,5,2,2,1,4000,1,12,3,2,6,2,6,3,1,5,0,0,0,1,1,0,0,0
372,45,20,3,4,4,13496,0,14,3,0,21,2,20,7,4,10,0,2,2,3,1,0,1,1
373,36,6,4,1,4,3210,0,11,3,1,16,4,15,13,10,11,0,2,2,1,1,2,1,0
374,55,1,4,5,1,19045,0,14,3,0,37,2,36,10,4,13,0,2,2,3,1,3,2,1
376,47,29,1,3,2,11849,1,12,3,1,10,2,10,7,9,9,1,0,0,1,1,3,1,1
377,28,9,4,1,4,2070,1,23,4,1,5,3,5,2,0,4,0,2,2,3,1,6,1,0
378,37,6,3,2,4,6502,4,14,3,1,7,5,5,4,0,1,0,2,2,3,1,7,1,0
379,21,3,4,1,3,3230,1,17,3,0,3,4,3,2,1,0,0,2,2,3,1,6,2,0
380,37,1,1,3,4,13603,2,18,3,2,15,2,5,2,0,2,0,0,0,3,0,5,0,1
381,35,22,2,3,2,11996,7,18,3,1,10,6,7,7,6,2,0,2,2,1,0,3,0,0
382,38,7,1,2,1,5605,1,24,4,1,8,3,8,0,7,7,0,2,2,3,0,7,0,1
384,26,1,3,2,2,6397,1,20,4,1,6,6,6,5,1,4,0,1,1,1,0,4,0,0
385,50,4,1,5,2,19144,3,14,3,2,28,4,10,4,1,6,0,2,2,1,1,5,0,0
386,53,3,3,4,3,17584,3,16,3,3,21,5,5,3,1,3,0,2,2,3,1,5,1,1
387,42,1,2,2,3,4907,1,25,4,0,20,3,20,16,11,6,0,2,2,1,1,7,1,0
388,29,2,2,2,4,4554,1,18,3,0,10,3,10,7,0,9,0,1,1,1,1,7,2,0
389,55,20,2,2,4,5415,3,19,3,1,12,4,10,7,0,8,0,2,2,5,1,2,1,1
390,26,11,1,2,1,4741,1,13,3,1,5,3,5,3,3,3,0,1,1,3,1,0,1,1
391,37,1,4,1,4,2115,1,12,3,0,17,3,17,12,5,7,0,2,2,1,0,6,2,0
392,44,24,4,1,3,3161,3,22,4,1,19,0,1,0,0,0,1,1,1,1,1,2,0,1
393,38,23,4,2,4,5745,9,14,3,1,10,2,2,2,1,2,0,2,2,1,1,0,0,0
394,26,16,1,1,2,2373,2,13,3,1,5,2,3,2,0,2,1,2,2,3,1,2,0,1
395,28,8,4,1,4,3310,1,21,4,0,5,3,5,3,0,2,0,2,2,1,0,6,2,0
396,49,10,3,5,1,18665,9,11,3,0,22,4,3,2,1,2,0,1,1,1,0,5,2,1
397,36,3,3,2,2,4485,4,12,3,0,10,2,8,0,7,7,0,2,2,5,1,6,2,0
399,31,5,4,1,2,2789,1,11,3,1,2,5,2,2,2,2,0,1,1,2,0,8,0,0
401,26,4,4,2,4,5828,1,12,3,0,8,0,8,7,7,4,1,2,2,2,1,7,2,1
403,37,9,2,1,4,2326,1,12,3,3,4,3,4,2,1,2,0,1,1,3,1,6,1,1
404,42,26,3,4,2,13525,5,14,3,1,23,2,20,4,4,8,0,1,1,2,0,7,1,0
405,18,3,3,1,3,1420,1,13,3,0,0,2,0,0,0,0,1,2,2,1,1,2,2,0
406,35,16,3,3,2,8020,0,15,3,2,12,3,11,9,6,9,0,2,2,2,1,7,1,0
407,36,18,3,1,4,3688,4,18,3,2,4,2,1,0,0,0,0,1,1,1,1,2,1,0
408,51,2,4,2,2,5482,5,18,3,1,13,3,4,1,1,2,0,2,2,3,1,4,0,0
410,41,2,4,4,2,16015,1,19,3,0,22,2,22,10,0,4,0,2,2,1,1,3,2,0
411,18,10,4,1,3,1200,1,12,3,0,0,2,0,0,0,0,0,2,2,3,0,8,2,0
412,28,16,2,2,1,5661,0,19,3,0,9,2,8,3,0,7,0,2,2,3,1,0,2,0
416,31,7,2,2,4,6929,4,11,3,1,10,3,8,7,7,7,0,2,2,5,1,7,1,0
417,39,1,3,3,4,9613,0,17,3,3,19,5,18,10,3,7,0,2,2,3,1,0,0,0
419,36,24,2,2,2,5674,7,15,3,1,11,3,9,8,0,8,0,0,0,1,0,2,1,0
420,32,7,4,2,3,5484,1,14,3,1,13,3,13,8,4,8,0,2,2,1,1,7,1,0
421,38,25,1,3,2,12061,3,17,3,1,19,2,10,8,0,1,0,2,2,1,0,5,1,0
422,58,1,4,2,3,5660,2,13,3,1,12,2,5,3,1,2,0,0,0,1,1,0,0,1
423,31,5,3,1,4,4821,0,12,3,1,6,4,5,2,0,3,0,2,2,5,1,6,1,1
424,31,2,1,2,1,6410,3,12,3,0,9,1,2,2,1,0,0,2,2,0,1,1,1,0
425,45,7,1,3,1,5210,1,18,3,1,24,2,24,9,9,11,0,1,1,1,1,2,0,0
426,31,2,3,1,4,2695,0,18,3,1,3,2,2,2,2,2,0,2,2,1,1,6,0,1
428,33,5,4,3,2,11878,6,11,3,2,12,2,10,6,8,8,0,1,1,1,0,3,1,0
429,39,10,3,4,1,17068,1,14,3,0,21,3,21,9,11,10,0,2,2,3,1,3,1,1
430,43,10,3,1,4,2455,0,19,3,0,9,5,8,7,1,7,0,1,1,1,0,2,2,0
431,49,1,3,4,3,13964,7,12,3,0,25,2,7,1,0,7,0,2,2,5,0,0,2,1
433,52,8,3,2,2,4941,2,15,3,0,11,3,8,2,7,7,1,2,2,3,1,6,1,0
434,27,5,3,1,2,2478,1,12,3,0,4,2,4,3,1,2,0,2,2,1,0,6,2,1
436,32,8,3,2,2,5228,1,11,3,0,13,2,13,12,11,9,0,2,2,5,0,7,1,1
437,27,2,4,2,3,4478,1,11,3,0,5,3,5,4,0,4,0,2,2,1,1,7,2,1
438,31,7,4,2,4,7547,4,12,3,3,13,3,7,7,1,7,0,2,2,2,1,7,0,0
439,32,2,1,2,4,5055,7,16,3,0,10,0,7,7,0,7,0,2,2,3,0,6,2,0
440,28,2,1,1,4,3464,5,13,3,0,5,4,3,2,2,2,1,2,2,3,1,6,1,1
441,30,28,4,2,4,5775,1,13,3,2,11,2,10,8,1,9,0,2,2,3,0,6,1,0
442,31,7,3,3,3,8943,1,24,4,1,10,2,10,9,8,9,0,1,1,1,0,4,1,0
444,39,7,3,5,4,19272,1,15,3,1,21,2,21,9,13,3,0,1,1,3,1,3,1,0
445,39,3,4,2,3,5238,4,18,3,0,12,3,1,0,0,0,1,2,2,3,0,7,1,1
446,33,10,2,2,4,4682,3,14,3,0,9,6,7,7,0,1,0,1,1,2,1,7,2,0
447,47,5,4,5,3,18300,4,11,3,1,21,2,3,2,1,1,0,2,2,1,1,5,1,0
448,43,10,3,2,3,5257,1,11,3,1,9,3,9,7,0,0,0,1,1,1,0,2,0,0
449,27,1,3,2,2,6349,0,13,3,1,6,0,5,4,1,4,0,0,0,2,1,7,1,1
450,54,20,4,2,3,4869,3,12,3,0,20,4,4,3,0,3,0,1,1,1,0,6,2,0
451,43,7,3,3,1,9985,8,16,3,1,10,1,1,0,0,0,0,2,2,1,0,0,1,0
452,45,8,4,2,4,3697,9,14,3,2,12,3,10,9,9,8,0,2,2,4,1,6,1,0
453,40,1,2,2,4,7457,2,22,4,3,6,2,4,3,0,2,0,2,2,3,1,7,1,1
454,29,8,2,1,1,2119,1,11,3,0,7,4,7,7,0,7,1,2,2,4,1,2,1,1
455,29,9,2,1,4,3983,0,17,3,0,4,2,3,2,2,2,0,2,2,4,1,2,2,0
456,30,5,4,2,3,6118,1,13,3,3,10,2,10,9,1,2,0,2,2,2,0,7,0,0
458,27,8,2,2,2,6214,1,18,3,1,8,3,8,7,0,7,0,2,2,2,0,7,1,0
460,37,5,4,2,4,6347,7,16,3,2,8,2,6,2,0,4,0,2,2,3,1,4,0,0
461,38,15,3,3,4,11510,0,14,3,1,12,3,11,10,2,9,0,2,2,1,1,5,0,1
462,31,7,3,3,4,7143,1,14,3,0,11,2,11,9,4,10,0,2,2,3,0,4,2,1
463,29,10,4,2,2,8268,1,14,3,2,7,2,7,7,1,7,0,2,2,2,0,7,0,1
464,35,5,3,3,2,8095,0,13,3,0,17,5,16,6,0,13,0,2,2,5,1,4,2,0
465,23,26,3,1,4,2904,1,12,3,2,4,2,4,2,0,2,0,2,2,1,1,6,0,0
466,41,6,4,2,2,6032,6,15,3,0,8,3,5,4,1,2,0,2,2,3,1,4,2,1
467,47,4,2,2,3,2976,3,19,3,0,5,3,0,0,0,0,0,1,1,3,1,8,2,0
468,42,23,1,4,4,15992,2,14,3,0,16,2,1,0,0,0,0,2,2,1,0,5,2,0
469,29,2,4,2,3,4649,1,14,3,1,4,3,4,3,0,2,0,0,0,1,1,7,1,0
470,42,2,3,1,3,2696,0,11,3,1,4,5,3,2,1,0,0,2,2,5,1,1,0,1
471,32,2,3,1,2,2370,1,13,3,1,8,4,8,0,0,7,0,2,2,3,0,2,1,0
473,48,29,1,3,3,12504,3,21,4,1,15,3,0,0,0,0,0,2,2,3,0,3,1,0
474,37,6,3,2,1,5974,4,13,3,2,13,2,7,7,6,7,0,2,2,3,1,6,0,1
475,30,25,4,2,3,4736,7,12,3,1,4,2,2,2,2,2,0,0,0,5,0,7,1,1
476,26,1,3,2,3,5296,1,17,3,1,8,3,8,7,7,7,0,2,2,1,1,7,1,0
477,42,2,1,2,4,6781,3,23,4,0,14,6,1,0,0,0,0,2,2,4,1,0,2,0
478,21,1,1,1,2,2174,1,11,3,0,3,3,3,2,1,2,1,1,1,5,0,8,2,1
479,36,1,4,2,4,6653,4,15,3,0,7,6,1,0,0,0,0,0,0,3,0,7,2,0
481,36,3,1,3,4,9699,4,11,3,1,16,2,13,9,1,12,0,1,1,3,1,7,1,0
482,57,1,4,2,3,6755,2,11,3,0,15,2,3,2,1,2,0,2,2,3,1,0,1,0
483,40,10,4,1,3,2213,3,13,3,1,10,3,7,7,1,7,0,2,2,1,0,2,1,1
484,21,9,1,1,4,2610,1,24,4,0,3,3,3,2,2,2,0,0,0,3,1,8,2,0
485,33,5,4,1,3,2851,1,13,3,0,1,2,1,0,0,0,1,2,2,2,0,8,2,1
486,37,10,3,1,1,3452,6,20,4,1,17,3,5,4,0,3,0,2,2,3,0,2,1,0
487,46,7,3,2,3,5258,2,14,3,0,7,2,1,0,0,0,0,0,0,3,0,4,1,0
488,41,4,1,2,2,9355,1,18,3,0,8,5,8,7,7,7,1,1,1,2,1,7,2,0
491,50,10,4,3,4,10496,6,15,3,0,20,2,4,3,1,3,0,2,2,5,1,0,2,0
492,40,22,3,2,3,6380,2,12,3,2,8,6,6,4,1,0,1,2,2,2,1,7,1,1
493,31,9,3,1,2,2657,0,16,3,0,3,5,2,2,2,2,0,2,2,1,1,6,2,1
494,21,12,3,1,2,2716,1,15,3,0,1,0,1,0,0,0,1,2,2,1,0,8,2,0
495,29,23,4,1,4,2201,9,16,3,0,6,4,3,2,1,2,0,2,2,1,1,6,2,0
496,35,9,3,2,2,6540,9,19,3,0,10,5,1,1,0,0,0,2,2,1,1,0,2,0
497,27,1,4,1,2,3816,1,11,3,1,5,2,5,2,0,4,0,2,2,3,1,2,0,0
498,28,9,2,2,4,5253,1,16,3,0,7,1,7,5,0,7,0,2,2,1,1,7,2,0
499,49,7,2,3,3,10965,8,24,4,0,26,2,5,2,0,0,0,2,2,4,1,0,2,0
500,51,14,3,2,4,4936,4,11,3,1,18,2,7,7,0,7,0,2,2,1,0,7,1,0
501,36,2,4,1,3,2543,4,13,3,1,6,3,2,2,2,2,0,2,2,1,0,6,1,0
502,34,19,1,2,4,5304,8,13,3,0,9,3,5,2,0,4,1,0,0,2,1,7,2,1
505,55,2,3,4,4,16659,2,13,3,0,30,2,5,4,1,2,0,2,2,1,0,3,2,1
507,24,10,4,2,3,4260,1,12,3,1,5,2,5,2,0,3,0,2,2,2,0,7,0,1
508,30,2,3,1,2,2476,1,18,3,1,1,3,1,0,0,0,0,2,2,5,1,8,1,0
510,26,3,3,1,1,3102,0,22,4,0,7,2,6,4,0,4,1,1,1,5,1,6,2,0
511,22,11,1,1,2,2244,1,13,3,1,2,1,2,1,1,2,0,2,2,3,0,6,1,0
513,36,2,2,3,3,7596,1,13,3,2,10,2,10,9,9,0,0,2,2,3,1,7,1,0
514,30,4,3,1,4,2285,9,23,4,0,3,4,1,0,0,0,1,1,1,5,1,6,2,1
515,37,14,4,1,1,3034,1,12,3,1,18,2,18,7,12,17,0,2,2,1,0,2,0,0
516,40,2,4,2,2,5715,7,12,3,2,8,5,5,4,1,3,0,2,2,2,0,7,0,0
517,42,1,2,1,1,2576,3,16,3,1,8,5,5,2,1,2,0,2,2,1,0,2,0,0
518,37,10,3,2,2,4197,2,12,3,0,18,2,1,0,0,1,0,2,2,1,1,4,2,1
520,43,12,1,4,2,14336,1,11,3,1,25,3,25,10,3,9,0,2,2,1,1,5,0,0
521,40,2,2,2,3,3448,6,22,4,1,20,3,1,0,0,0,0,2,2,3,0,2,1,0
522,54,5,1,5,1,19406,4,11,3,1,24,4,4,2,1,2,0,2,2,3,1,5,1,0
523,34,4,3,2,3,6538,9,15,3,1,6,3,3,2,1,2,0,0,0,2,0,7,1,0
524,31,7,2,2,1,4306,1,12,3,1,13,5,13,10,3,12,0,2,2,3,0,4,1,0
525,43,21,4,1,4,2258,7,20,4,1,8,1,3,2,1,2,0,1,1,3,1,2,1,0
526,43,8,3,2,3,4522,4,14,3,0,8,3,5,2,0,2,0,2,2,4,0,0,0,1
527,25,4,2,2,4,4487,1,11,3,0,5,3,5,4,1,3,0,2,2,1,0,7,2,1
529,37,25,2,2,3,4449,3,15,3,2,15,2,13,11,10,7,0,0,0,3,0,6,1,1
530,31,1,4,1,1,2218,1,12,3,1,4,3,4,2,3,2,0,2,2,1,1,2,1,0
531,39,1,2,5,3,19197,1,14,3,1,21,3,21,8,1,6,0,1,1,1,1,3,0,1
532,56,6,3,4,1,13212,9,11,3,3,36,0,7,7,7,7,0,1,1,1,0,7,1,0
533,30,12,2,2,3,6577,0,11,3,0,6,6,5,4,4,4,0,2,2,5,0,7,2,0
534,41,1,2,3,1,8392,1,16,3,1,10,2,10,7,0,7,0,2,2,2,1,7,1,0
536,28,17,3,2,1,4558,1,12,3,1,10,2,10,0,1,8,0,2,2,3,1,2,0,0
538,25,3,1,1,1,4031,5,13,3,1,6,5,2,2,0,2,1,2,2,3,1,2,1,0
543,52,3,4,3,3,7969,2,14,3,0,28,4,5,4,0,4,0,2,2,3,1,4,1,1
544,45,10,1,1,4,2654,3,21,4,2,8,3,2,2,0,2,0,2,2,1,1,6,1,0
546,52,4,4,4,4,16555,2,13,3,0,31,2,5,2,1,4,0,2,2,1,0,3,1,0
547,42,29,1,2,3,4556,2,11,3,1,19,3,5,4,0,2,0,1,1,1,0,6,0,0
548,30,2,3,2,4,6091,2,20,4,0,11,2,5,4,0,2,0,2,2,1,0,4,2,0
549,60,7,1,5,1,19566,5,11,3,0,33,5,29,8,11,10,0,2,2,1,0,3,1,0
550,46,18,3,2,3,4810,2,14,3,1,19,5,10,7,0,8,0,2,2,3,0,4,0,0
551,42,28,4,2,4,4523,0,11,3,3,7,4,6,5,0,4,0,1,1,5,0,0,1,0
554,24,1,1,1,2,3202,1,16,3,0,6,4,5,3,1,4,1,2,2,5,0,8,2,1
555,34,6,4,1,3,2351,0,16,3,1,3,3,2,2,1,0,1,1,1,2,0,8,0,0
556,38,2,4,1,4,1702,1,23,4,1,1,3,1,0,0,0,0,1,1,1,1,2,1,1
558,40,2,3,5,3,18041,0,14,3,0,21,2,20,15,1,12,0,2,2,1,0,3,1,0
560,26,23,1,1,4,2886,1,22,4,2,3,3,3,2,0,2,0,2,2,1,0,6,0,0
562,30,3,3,1,4,2097,4,15,3,1,9,3,5,3,1,4,0,0,0,1,1,2,1,0
564,29,3,2,3,3,11935,1,18,3,0,10,2,10,2,0,7,0,2,2,3,1,5,1,0
565,29,25,3,1,2,2546,5,16,3,0,6,2,2,2,1,1,1,2,2,5,0,6,1,0
566,19,2,1,1,4,2564,1,12,3,0,1,3,1,0,0,0,1,2,2,5,1,1,2,0
567,30,22,3,3,1,8412,0,11,3,0,10,3,9,8,7,8,0,0,0,4,0,7,1,0
568,57,29,1,4,4,14118,3,12,3,1,32,3,1,0,0,0,0,2,2,2,1,3,0,0
569,50,29,2,4,3,17046,0,15,3,1,28,2,27,10,15,7,0,2,2,1,1,3,1,0
571,30,2,3,1,4,2564,0,14,3,0,12,2,11,7,6,7,0,0,0,3,0,2,2,0
573,60,28,3,3,1,10266,4,19,3,0,22,5,18,13,13,11,0,1,1,2,0,7,1,0
574,47,2,1,2,4,5070,5,13,3,3,20,2,5,0,0,4,0,2,2,3,0,4,0,0
575,46,2,1,4,3,17861,6,13,3,0,26,2,3,2,0,1,0,2,2,1,1,5,1,0
577,35,22,4,1,3,4230,0,15,3,0,6,2,5,4,4,3,0,2,2,1,1,2,2,0
578,54,8,3,2,3,3780,7,11,3,0,19,3,1,0,0,0,0,2,2,1,0,2,2,0
579,34,2,4,1,3,2768,3,12,3,1,14,3,7,3,5,7,0,2,2,1,1,6,0,0
580,46,10,3,3,4,9071,2,19,3,1,15,3,3,2,1,2,0,2,2,2,0,7,1,1
581,31,9,3,3,2,10648,1,25,4,1,13,6,13,8,0,8,0,2,2,1,1,4,0,0
582,33,15,2,3,3,13610,7,12,3,0,15,2,7,6,7,7,1,2,2,3,1,3,1,1
584,33,10,1,1,4,3408,7,13,3,3,8,2,4,3,1,3,1,2,2,3,1,2,0,0
585,30,7,4,1,2,2983,0,14,3,0,4,3,3,2,1,2,0,2,2,2,1,8,2,0
586,35,16,4,3,3,7632,4,12,3,0,10,2,8,7,0,0,0,2,2,1,1,0,1,1
587,31,20,1,3,3,9824,3,12,3,0,12,2,1,0,0,0,1,1,1,1,1,0,1,0
590,34,23,2,3,1,9950,9,15,3,3,11,2,3,2,0,2,1,1,1,0,0,1,0,1
591,42,5,2,1,3,2093,4,17,3,1,8,4,2,2,2,0,0,1,1,4,1,2,1,0
592,36,10,2,3,4,9980,1,14,3,0,10,3,10,3,9,7,0,0,0,3,1,7,2,0
593,22,4,3,1,3,3894,5,16,3,0,4,3,2,2,1,2,1,1,1,5,1,2,2,0
595,48,2,2,2,4,4051,2,14,3,1,14,2,9,7,6,7,0,2,2,2,0,7,1,0
597,55,18,1,4,2,16835,3,23,4,0,37,2,10,9,7,7,0,2,2,1,0,3,2,0
599,41,10,4,2,4,6230,7,14,3,0,16,3,14,3,1,10,0,0,0,1,1,7,2,0
600,35,1,2,2,3,4717,9,11,3,0,15,2,11,9,6,9,0,2,2,2,1,7,1,0
601,40,6,2,4,3,13237,7,15,3,0,22,3,20,6,5,13,0,2,2,1,0,4,2,0
602,39,8,3,1,3,3755,1,11,3,1,8,3,8,3,0,7,0,1,1,1,0,2,1,0
604,31,2,2,2,4,6582,4,13,3,0,10,2,6,5,0,5,0,2,2,1,1,7,2,1
605,42,24,4,3,1,7406,1,21,4,1,10,5,10,9,5,8,0,2,2,3,1,4,1,1
606,45,2,4,2,2,4805,0,19,3,1,9,3,8,7,3,7,0,2,2,4,1,7,1,0
608,26,17,2,1,3,2741,0,11,3,1,8,2,7,7,1,0,1,1,1,1,0,1,0,1
611,29,19,4,2,4,4262,4,12,3,2,8,2,3,2,1,2,0,2,2,5,1,4,0,0
612,33,1,1,4,3,16184,4,19,3,1,10,2,6,1,0,5,0,2,2,3,0,5,0,0
613,31,7,3,3,4,11557,9,21,4,1,10,3,5,4,0,1,0,2,2,1,1,3,0,0
614,18,5,2,1,2,1878,1,14,3,0,0,3,0,0,0,0,1,1,1,2,1,8,2,1
615,40,28,3,3,1,10932,3,15,3,1,20,2,1,0,0,1,0,0,0,4,1,7,0,0
616,41,2,1,2,3,6811,2,17,3,0,10,3,8,7,0,7,0,0,0,4,0,0,2,1
618,26,29,1,2,3,4306,5,12,3,2,8,5,0,0,0,0,0,2,2,3,1,7,0,0
620,35,1,1,2,3,4859,1,16,3,0,5,3,5,4,0,3,0,2,2,3,0,7,2,0
621,34,21,4,2,4,5337,1,12,3,0,10,3,10,7,5,7,0,2,2,1,1,7,2,0
622,26,24,3,1,4,2340,1,18,3,0,1,3,1,0,0,0,1,2,2,5,1,2,2,1
623,37,1,2,3,4,7491,4,17,3,0,12,3,6,5,1,2,0,2,2,5,0,4,2,0
624,46,18,1,3,3,10527,5,11,3,0,28,3,2,2,1,2,0,1,1,3,0,0,1,0
625,41,2,2,4,1,16595,7,16,3,1,22,2,18,16,11,8,0,2,2,1,0,3,1,0
626,37,9,1,3,2,8834,1,13,3,1,9,6,9,5,7,7,0,0,0,3,1,7,0,0
630,52,6,4,2,1,5577,3,12,3,2,18,3,10,9,6,9,0,2,2,5,1,6,0,1
631,32,11,4,2,3,4707,8,12,3,0,6,2,4,2,1,2,1,0,0,4,1,7,1,0
632,24,24,4,1,4,2400,0,13,3,2,3,3,2,2,2,1,0,1,1,3,1,8,1,0
634,38,10,3,2,3,9824,3,19,3,1,18,4,1,0,0,0,0,2,2,3,0,0,1,0
635,37,1,2,2,2,6447,6,12,3,1,8,2,6,5,4,3,0,2,2,1,0,4,1,0
638,49,18,4,5,3,19502,1,17,3,1,31,5,31,9,0,9,0,2,2,1,1,5,0,1
639,24,23,2,1,4,2725,1,11,3,2,6,3,6,5,1,4,0,2,2,3,1,6,1,1
641,26,28,1,2,2,6272,1,20,4,2,6,5,5,3,1,4,0,2,2,2,1,7,1,0
643,24,17,4,1,2,2127,1,21,4,1,1,2,1,0,0,0,0,2,2,4,1,2,1,0
644,50,3,1,5,2,18200,1,11,3,1,32,2,32,5,10,7,0,1,1,3,1,3,1,0
645,25,13,2,1,3,2096,1,11,3,0,7,1,7,4,0,6,0,2,2,3,1,8,1,0
647,24,7,1,1,3,2886,1,16,3,1,6,4,6,3,1,2,1,1,1,1,0,2,1,1
648,30,12,2,1,1,2033,1,18,3,1,1,2,1,0,0,0,1,1,1,1,1,8,1,0
649,34,1,2,1,4,3622,1,13,3,1,6,3,6,5,1,3,0,2,2,1,1,6,1,1
650,31,13,2,2,1,4233,2,17,3,0,9,2,3,1,1,2,1,2,2,3,1,7,0,0
652,35,25,1,2,4,3681,4,14,3,0,9,3,3,2,0,2,0,2,2,4,1,2,2,0
653,31,6,1,2,4,5460,4,22,4,2,13,4,7,7,5,7,0,2,2,3,1,7,0,0
655,27,6,1,1,3,2187,0,12,3,2,6,5,5,3,0,3,0,2,2,3,0,6,0,0
656,37,2,4,2,3,9602,4,11,3,1,17,3,3,0,1,0,0,2,2,2,1,7,1,1
657,20,1,4,1,2,2836,1,13,3,0,1,0,1,0,0,0,0,2,2,1,0,6,2,0
659,42,2,3,2,4,4089,1,13,3,2,10,4,10,2,2,2,0,2,2,1,0,0,1,0
661,43,6,2,4,4,16627,4,14,3,1,21,3,1,0,0,0,0,2,2,4,1,5,0,1
662,38,1,3,1,1,2619,3,17,3,0,8,3,0,0,0,0,0,2,2,1,0,6,2,0
663,43,9,4,2,3,5679,3,13,3,1,10,3,8,7,4,7,0,1,1,3,1,2,0,1
664,48,1,4,4,1,15402,7,11,3,1,21,3,3,2,0,2,0,2,2,1,0,3,1,0
665,44,1,1,2,3,5985,4,11,3,0,10,1,2,2,0,2,0,2,2,1,0,1,2,0
666,34,14,3,1,3,2579,1,18,3,2,8,3,8,2,0,6,0,2,2,5,0,8,0,1
667,27,2,3,1,1,3041,0,11,3,1,5,3,4,3,0,2,1,2,2,2,1,8,0,0
669,21,22,3,1,3,3447,1,11,3,0,3,2,3,2,1,2,0,2,2,5,1,8,2,0
671,44,3,4,5,4,19513,4,12,3,1,26,2,2,2,0,1,0,2,2,4,1,3,1,1
675,22,6,1,1,3,2773,0,20,4,0,3,3,2,2,2,2,0,2,2,3,1,6,1,0
677,33,8,3,2,3,7104,0,12,3,0,6,3,5,0,1,2,0,2,2,2,1,7,0,0
679,32,9,1,2,4,6322,1,12,3,1,6,2,6,4,0,5,0,2,2,1,0,6,1,1
680,30,3,3,1,3,2083,1,20,4,1,1,2,1,0,0,0,0,1,1,3,0,6,0,0
682,53,1,4,2,1,8381,7,20,4,0,18,2,14,7,8,10,0,2,2,3,0,7,2,0
683,34,1,2,1,4,2691,1,12,3,1,10,4,10,9,8,8,0,2,2,1,1,6,1,0
684,45,26,1,2,1,4286,2,14,3,2,5,4,1,1,0,0,1,1,1,1,0,7,1,0
686,26,6,3,1,4,2659,1,13,3,1,3,2,3,2,0,2,0,2,2,1,0,2,1,1
689,37,3,3,3,3,9434,1,15,3,1,10,2,10,7,7,8,0,2,2,4,1,4,1,0
690,29,3,2,2,3,5561,1,14,3,1,6,5,6,0,1,2,0,2,2,3,0,7,1,0
691,35,6,2,2,4,6646,1,13,3,0,17,3,17,11,11,8,0,2,2,1,1,6,2,0
692,33,6,3,2,4,7725,3,23,4,1,15,2,13,11,4,7,0,1,1,1,1,0,0,0
698,54,19,3,3,2,10725,2,15,3,1,16,1,9,7,7,1,0,2,2,3,1,1,1,0
699,36,9,2,2,2,8847,2,11,3,1,13,2,3,2,0,2,0,2,2,3,1,4,0,1
700,27,3,1,1,4,2045,0,13,3,0,5,0,4,2,1,1,0,2,2,3,1,6,2,0
701,20,10,4,1,3,1009,1,11,3,0,1,5,1,0,1,1,1,2,2,3,1,6,2,1
702,33,3,1,1,1,3348,1,11,3,0,10,3,10,8,9,7,1,1,1,1,1,6,2,1
704,35,3,3,1,3,1281,1,18,3,2,1,3,1,0,0,0,0,0,0,1,1,2,1,0
705,23,4,1,1,1,2819,2,16,3,1,5,3,3,2,0,2,0,2,2,3,1,6,1,0
707,25,8,4,2,2,4851,0,22,4,1,4,4,3,2,1,2,0,2,2,1,1,7,1,0
709,38,7,4,2,4,4028,0,20,4,0,8,2,7,7,0,5,0,2,2,2,0,7,2,0
710,29,1,2,1,4,2720,1,18,3,1,10,5,10,7,2,8,0,1,1,1,1,6,0,0
712,48,2,2,2,2,8120,3,12,3,0,12,3,2,2,2,2,0,2,2,2,1,7,1,0
714,27,3,4,2,4,4647,1,20,4,2,6,3,6,5,0,4,0,1,1,3,0,7,0,1
715,37,10,4,1,4,4680,3,17,3,0,4,2,1,0,0,0,0,2,2,1,1,6,2,0
716,50,28,4,1,3,3221,1,11,3,3,20,3,20,8,3,8,0,2,2,3,1,2,1,1
717,34,9,4,3,2,8621,1,14,3,0,9,3,8,7,7,7,0,2,2,3,0,0,2,0
720,24,3,1,2,3,4577,9,14,3,0,4,3,2,2,2,0,1,2,2,1,0,7,2,0
721,39,2,4,2,3,4553,1,11,3,0,20,4,20,7,11,10,0,2,2,5,0,0,2,0
722,32,10,4,2,4,5396,1,12,3,0,10,2,10,7,0,8,0,2,2,2,1,7,2,0
723,50,8,2,2,3,6796,3,14,3,1,18,4,4,3,1,3,1,1,1,5,1,7,1,1
724,38,1,2,2,4,7625,0,13,3,0,10,4,9,7,1,8,0,2,2,1,0,0,2,0
725,27,1,3,3,1,7412,1,11,3,0,9,3,9,7,0,7,0,2,2,1,0,4,1,0
727,32,3,3,3,4,11159,3,15,3,0,10,6,7,7,7,7,0,2,2,1,0,5,2,0
728,47,14,4,2,1,4960,2,12,3,0,20,2,7,7,1,7,0,2,2,2,1,7,2,0
729,40,5,4,3,1,10475,5,21,4,1,20,2,18,13,1,12,0,1,1,1,1,7,1,1
730,53,7,3,4,3,14814,3,19,3,0,32,3,5,1,1,3,0,2,2,1,1,5,1,0
731,41,10,2,5,4,19141,3,15,3,3,23,2,21,6,12,6,0,2,2,0,1,3,0,0
732,60,16,1,2,1,5405,8,14,3,0,10,1,2,2,2,2,0,2,2,2,1,7,2,0
733,27,10,4,3,1,8793,1,21,4,2,9,4,9,7,1,7,0,1,1,1,1,4,0,0
734,41,1,4,5,3,19189,1,12,3,1,22,3,22,7,2,10,0,2,2,0,1,3,1,0
738,50,8,4,1,2,3875,7,15,3,1,4,2,2,2,2,2,0,2,2,2,1,8,1,0
741,28,1,1,1,2,2216,7,13,3,0,10,4,7,7,3,7,1,2,2,1,0,6,2,1
742,36,8,1,3,1,11713,9,14,3,1,10,2,8,7,0,5,0,0,0,1,0,5,1,0
743,38,1,3,3,3,7861,4,14,3,0,10,4,1,0,0,0,0,2,2,1,0,4,2,1
744,44,24,1,1,3,3708,2,14,3,0,9,5,5,2,1,4,0,0,0,3,1,2,2,0
746,47,3,4,4,3,13770,9,12,3,2,28,2,22,2,11,13,0,1,1,3,0,7,0,1
747,30,27,3,2,4,5304,7,23,4,1,10,2,8,7,7,7,0,2,2,2,1,7,0,0
749,29,10,3,1,3,2642,1,11,3,0,1,6,1,0,0,0,0,2,2,1,1,8,2,0
752,42,19,3,1,3,2759,6,12,3,0,7,2,2,2,2,2,1,1,1,3,1,6,0,1
754,43,15,4,2,4,6804,3,18,3,1,7,5,2,2,2,2,0,1,1,1,1,7,1,0
757,34,8,2,2,3,6142,3,11,3,0,10,2,5,1,4,3,0,2,2,3,0,0,2,0
758,23,9,2,1,1,2500,1,14,3,1,5,2,4,3,0,2,0,2,2,3,1,2,1,0
760,39,3,3,2,2,6389,9,15,3,1,12,3,8,3,3,6,0,2,2,0,0,1,1,0
762,56,9,3,4,4,11103,7,11,3,0,30,1,10,7,1,1,0,2,2,3,1,0,1,0
763,40,2,4,1,4,2342,0,20,4,0,5,2,4,2,2,3,0,2,2,3,0,6,2,1
764,27,7,4,2,1,6811,8,19,3,0,9,2,7,6,0,7,0,2,2,3,0,0,2,0
766,29,10,4,1,2,2297,1,14,3,2,2,2,2,2,2,2,0,2,2,2,1,8,0,0
769,53,6,4,2,4,2450,2,17,3,0,19,4,2,2,2,2,0,2,2,1,1,2,2,0
771,35,2,4,2,1,5093,2,11,3,1,16,2,1,0,0,0,0,0,0,1,0,0,0,0
772,32,24,1,2,4,5309,1,15,3,2,10,2,10,8,4,7,0,1,1,1,1,2,1,0
773,38,2,4,1,3,3057,6,13,3,1,6,0,1,0,0,1,0,2,2,3,1,6,1,1
775,34,8,2,2,1,5121,3,14,3,1,7,3,0,0,0,0,0,2,2,1,0,4,0,0
776,52,3,3,4,1,16856,1,11,3,0,34,3,34,6,1,16,0,2,2,2,1,3,1,0
780,33,1,4,1,4,2686,1,13,3,0,10,2,10,9,7,8,1,2,2,4,1,6,2,1
781,25,26,3,2,4,6180,1,23,4,0,6,5,6,5,1,4,0,2,2,3,0,7,2,0
783,45,2,2,2,3,6632,0,13,3,0,9,3,8,7,3,1,0,2,2,5,1,8,2,0
784,23,10,1,1,3,3505,1,18,3,0,2,3,2,2,0,2,0,2,2,3,1,6,2,0
785,47,27,2,2,3,6397,4,12,3,0,8,2,5,4,1,3,1,1,1,1,0,7,2,1
786,34,2,4,2,4,6274,1,22,4,0,6,5,6,5,1,4,0,2,2,4,1,7,2,0
787,55,2,4,5,1,19859,5,13,3,1,24,2,5,2,1,4,1,2,2,3,1,3,1,1
789,36,8,1,3,1,7587,1,15,3,0,10,1,10,7,0,9,0,0,0,1,1,7,2,0
791,52,19,4,1,4,4258,0,18,3,1,5,3,4,3,1,2,0,0,0,3,1,6,1,0
792,26,1,1,1,4,4364,3,14,3,1,5,2,2,2,2,0,0,1,1,1,0,2,0,0
793,29,27,2,2,3,4335,4,12,3,1,11,3,8,7,1,1,0,2,2,3,0,0,1,0
796,26,8,4,2,1,5326,6,17,3,0,6,2,4,3,1,2,1,2,2,5,1,7,2,0
797,34,1,2,1,4,3280,2,16,3,0,10,2,4,2,1,3,0,2,2,1,0,6,2,0
799,54,19,4,2,1,5485,9,11,3,2,9,4,5,3,1,4,0,2,2,3,0,4,0,1
800,27,8,3,2,4,4342,0,19,3,1,5,3,4,2,1,1,0,1,1,2,1,7,1,0
802,37,10,4,1,1,2782,0,13,3,2,6,3,5,3,4,3,0,2,2,1,0,6,0,1
803,38,2,1,2,1,5980,6,12,3,0,17,2,15,7,4,12,0,1,1,1,0,4,2,1
804,34,2,3,1,1,4381,1,11,3,0,6,3,6,5,1,3,0,2,2,3,0,6,2,0
805,35,8,1,1,4,2572,1,16,3,1,3,1,3,2,0,2,0,2,2,1,0,8,1,0
806,30,1,4,1,3,3833,3,21,4,2,7,2,2,2,0,2,0,2,2,1,1,2,1,0
807,40,2,3,2,2,4244,1,24,4,1,8,2,8,7,3,7,0,1,1,3,0,0,1,0
808,34,8,3,2,1,6500,5,17,3,1,6,1,3,2,1,2,0,2,2,1,0,7,1,0
809,42,8,2,5,4,18430,1,13,3,1,24,4,24,7,14,9,0,1,1,1,1,3,0,0
811,23,6,3,1,1,1601,1,21,4,2,1,2,0,0,0,0,1,2,2,1,1,2,1,1
812,24,9,3,1,2,2694,1,11,3,3,1,4,1,0,0,0,0,0,0,1,1,2,0,0
813,52,11,4,2,3,3149,8,20,4,1,9,3,5,2,1,4,0,2,2,1,0,2,1,0
815,50,2,3,4,3,17639,5,16,3,0,30,3,4,3,0,3,0,2,2,3,1,5,1,0
816,29,1,2,1,1,2319,1,11,3,1,1,1,1,0,0,0,1,2,2,1,0,2,1,1
817,33,7,3,3,3,11691,0,11,3,0,14,3,13,9,3,7,0,2,2,3,1,5,1,0
819,33,16,1,2,1,5324,5,15,3,0,6,3,3,2,0,2,1,2,2,2,0,7,2,0
820,47,2,3,4,4,16752,1,11,3,1,26,3,26,14,3,0,0,2,2,4,0,3,1,1
823,36,1,3,2,2,5228,0,15,3,1,10,2,9,7,0,5,0,2,2,4,0,4,1,0
824,29,23,3,1,3,2700,1,24,4,1,10,3,10,7,0,7,0,2,2,1,1,6,1,0
825,58,2,4,5,2,19246,7,12,3,0,40,2,31,15,13,8,1,2,2,1,1,5,2,1
826,35,1,4,1,3,2506,3,13,3,0,7,0,2,2,2,2,0,2,2,1,0,6,2,0
827,42,1,4,2,4,6062,9,13,3,1,8,4,4,3,0,2,0,2,2,1,0,4,1,1
828,28,2,3,1,3,4382,6,17,3,0,5,3,2,2,2,1,1,2,2,3,1,6,2,0
829,36,13,3,1,2,2143,4,13,3,1,8,2,5,2,0,4,0,2,2,0,1,1,1,0
830,32,4,3,2,3,6162,1,12,3,1,14,3,14,13,6,8,0,2,2,1,0,4,1,0
832,40,16,1,2,3,5094,6,14,3,0,10,6,1,0,0,0,0,1,1,3,1,2,2,0
833,30,2,3,2,4,6877,5,24,4,0,12,4,0,0,0,0,0,2,2,3,0,4,2,1
834,45,2,2,1,3,2274,1,14,3,0,1,3,1,0,0,0,0,2,2,1,0,6,2,0
836,42,29,2,2,2,4434,1,13,3,1,10,3,9,8,7,8,0,2,2,1,1,4,1,0
837,38,12,1,2,1,6288,2,15,3,1,13,3,4,3,1,2,0,1,1,1,1,0,0,0
838,34,16,3,1,4,2553,1,16,3,0,6,3,5,2,1,3,0,1,1,1,0,6,2,0
840,49,11,3,3,4,7654,1,18,3,2,9,3,9,8,7,7,1,2,2,2,0,7,1,0
842,55,2,3,2,4,5160,4,16,3,0,12,3,9,7,7,3,1,2,2,3,1,7,2,0
843,43,14,2,4,1,17159,6,24,4,1,22,3,4,1,1,0,0,2,2,1,1,5,1,0
844,27,5,3,3,4,12808,1,16,3,1,9,3,9,8,0,8,0,2,2,5,1,5,0,1
845,35,7,3,3,3,10221,3,21,4,0,17,3,8,5,1,6,0,2,2,4,1,4,2,0
846,28,2,2,2,2,4779,1,20,4,0,8,2,8,7,7,5,0,2,2,2,0,7,1,1
847,34,3,3,1,4,3737,0,19,3,1,4,1,3,2,0,2,0,2,2,0,1,1,1,0
848,26,5,3,1,3,2366,1,14,3,1,8,2,8,7,1,7,1,1,1,3,0,6,1,1
850,27,3,4,1,4,1706,1,11,3,3,0,6,0,0,0,0,0,0,0,3,1,6,1,0
851,51,26,1,4,3,16307,2,14,3,1,29,2,20,6,4,17,0,2,2,2,0,3,1,0
852,44,4,4,2,2,5933,9,12,3,0,10,2,5,2,2,3,0,2,2,3,1,0,2,0
854,25,2,1,1,1,3424,7,13,3,0,6,3,4,3,0,1,0,2,2,3,1,6,2,0
855,33,1,1,2,1,4037,1,22,4,1,9,5,9,8,0,8,0,2,2,3,1,7,0,0
856,35,27,3,1,1,2559,1,11,3,0,6,3,6,5,1,1,0,2,2,3,0,6,2,0
857,36,1,2,2,4,6201,1,14,3,1,18,1,18,14,4,11,0,2,2,1,1,7,1,1
859,32,13,2,2,4,4403,2,11,3,1,8,3,5,2,0,3,0,2,2,1,1,7,0,0
861,30,5,2,1,4,3761,9,12,3,1,10,3,5,4,0,3,0,1,1,1,1,6,0,0
862,53,7,1,3,4,10934,7,18,3,1,35,3,5,2,0,4,0,2,2,2,0,7,1,1
864,45,9,4,3,1,10761,4,12,3,1,18,2,5,4,0,2,0,2,2,2,1,7,0,1
865,32,8,3,2,3,5175,5,12,3,1,9,3,5,3,1,3,0,2,2,3,0,6,1,0
867,52,25,3,4,4,13826,3,22,4,0,31,3,9,8,0,0,0,1,1,3,0,4,1,0
868,37,16,4,2,3,6334,4,19,3,2,9,2,1,0,0,0,0,2,2,2,1,7,0,0
869,28,8,2,1,4,4936,1,13,3,1,6,6,5,1,0,4,0,2,2,3,1,1,0,0
872,22,1,4,2,4,4775,6,22,4,2,4,2,2,2,2,2,0,2,2,1,1,4,1,0
874,44,8,1,1,4,2818,2,24,4,1,10,2,3,2,0,2,0,2,2,1,1,2,1,1
875,42,2,2,1,4,2515,5,14,3,0,8,2,2,1,2,2,0,1,1,3,1,6,2,1
878,36,8,1,1,1,2342,0,21,4,0,6,3,5,4,0,3,0,2,2,1,1,1,1,0
879,25,3,3,2,1,4194,1,18,3,0,5,3,5,3,0,3,0,2,2,4,1,7,1,1
880,35,9,4,3,3,10685,1,20,4,1,17,2,17,14,5,15,0,2,2,1,0,4,1,1
881,35,25,4,1,2,2022,1,19,3,1,10,3,10,2,7,8,1,1,1,1,0,6,0,1
882,32,1,4,1,4,2314,0,12,3,1,4,2,3,0,0,2,0,0,0,1,1,2,0,0
885,25,4,3,2,1,4256,1,12,3,0,5,1,5,2,0,3,0,2,2,2,1,7,1,0
887,49,1,3,1,1,3580,2,16,3,1,7,2,4,2,0,2,0,2,2,5,0,6,1,0
888,24,4,1,1,4,3162,0,17,3,0,6,2,5,2,3,4,0,0,0,1,1,2,1,0
889,32,5,2,2,2,6524,1,14,3,1,10,3,10,8,5,3,0,1,1,1,1,7,1,0
893,38,9,2,1,2,2899,0,19,3,1,3,3,2,2,1,2,0,2,2,2,1,8,1,0
894,42,3,3,2,4,5231,2,13,3,1,17,1,5,3,1,3,0,2,2,1,0,2,1,1
895,31,11,4,1,4,2356,3,19,3,1,8,2,6,4,0,2,0,2,2,1,1,6,1,1
896,29,1,2,1,3,2800,6,19,3,3,5,3,3,2,0,2,1,2,2,3,0,8,0,1
897,53,8,1,4,4,11836,5,14,3,1,28,3,2,0,2,2,0,2,2,2,1,7,1,0
899,35,25,4,3,2,10903,3,16,3,0,16,2,13,10,4,8,0,2,2,5,1,4,1,0
900,37,21,3,1,4,2973,5,15,3,1,10,3,5,4,0,0,0,1,1,3,0,8,1,0
901,53,23,4,4,4,14275,6,18,3,0,33,0,12,9,3,8,0,2,2,1,0,5,2,0
902,43,1,4,2,4,5562,4,13,3,1,12,2,5,2,2,2,0,1,1,1,0,0,1,0
903,47,2,3,2,4,4537,0,22,4,1,8,2,7,6,7,7,0,2,2,2,0,7,1,1
904,37,19,1,3,2,7642,1,13,3,0,10,2,10,0,0,9,0,0,0,3,1,7,2,1
905,50,2,1,4,1,17924,1,11,3,1,31,3,31,6,14,7,0,0,0,1,1,3,0,0
909,39,2,4,2,4,5204,8,11,3,2,13,2,5,4,0,4,0,2,2,1,0,1,1,0
910,33,3,4,1,2,2277,3,11,3,1,7,4,4,3,0,3,0,2,2,0,1,1,0,1
911,32,25,1,1,4,2795,1,24,4,0,1,2,1,0,0,1,1,2,2,1,1,2,2,1
912,29,7,1,1,4,2532,6,14,3,3,8,5,4,3,0,3,0,2,2,3,0,2,0,0
913,44,9,2,1,1,2559,1,13,3,0,8,0,8,7,7,1,0,2,2,1,1,6,1,1
916,28,5,1,2,4,4908,1,14,3,0,4,3,4,2,0,2,0,2,2,3,1,7,2,0
918,58,2,4,1,4,2380,9,14,3,1,3,3,1,0,0,0,1,1,1,1,1,2,0,1
920,43,8,1,2,2,4765,4,21,4,1,4,2,1,0,0,0,0,2,2,1,0,4,0,0
922,20,2,3,1,3,2044,1,13,3,0,2,3,2,2,0,2,1,2,2,3,0,8,2,0
923,21,18,4,1,4,2693,1,19,3,0,1,3,1,0,0,0,1,2,2,4,0,6,2,0
924,36,14,3,2,4,6586,0,17,3,1,17,2,16,8,4,11,0,2,2,1,1,0,1,1
925,47,2,4,1,4,3294,1,18,3,0,3,3,3,2,1,2,0,2,2,1,0,8,2,1
926,22,3,2,2,3,4171,0,19,3,1,4,3,3,2,0,2,1,2,2,1,0,4,1,1
927,41,2,2,1,4,2778,4,13,3,1,10,1,7,7,1,0,1,2,2,1,0,2,0,1
930,28,9,3,1,3,2377,5,18,3,1,6,2,2,2,2,2,0,2,2,3,0,6,0,0
932,39,6,4,1,1,2404,7,21,4,0,8,2,2,2,2,2,1,2,2,3,1,2,1,1
933,27,4,2,1,3,2318,1,19,3,0,1,2,1,1,0,0,0,2,2,1,0,6,2,0
934,34,10,2,1,2,2008,1,14,3,2,1,3,1,0,1,0,0,2,2,1,1,2,0,0
936,42,14,3,2,3,6244,7,17,3,0,10,6,5,4,0,3,0,2,2,3,0,7,2,0
939,33,1,3,1,1,2799,3,11,3,0,6,1,3,2,0,2,0,2,2,4,1,6,2,1
940,58,5,3,3,2,10552,2,13,3,1,24,3,6,0,0,4,0,2,2,5,0,0,0,1
941,31,7,2,1,3,2329,3,15,3,0,13,2,7,7,5,2,0,2,2,1,1,8,1,0
942,35,21,4,2,4,4014,1,25,4,1,10,2,10,6,0,7,0,2,2,1,0,0,1,1
944,49,8,1,3,2,7403,4,11,3,1,29,3,26,9,1,7,0,2,2,4,0,2,1,0
945,48,20,4,1,3,2259,4,17,3,2,13,2,0,0,0,0,0,2,2,3,1,6,1,0
947,31,20,4,2,3,6932,1,13,3,1,9,2,9,8,0,0,0,0,0,2,0,7,1,0
949,36,7,2,1,4,4678,2,18,3,0,8,6,6,2,0,1,0,2,2,4,1,6,2,0
950,38,1,4,3,1,13582,1,13,3,1,15,3,15,12,5,11,0,2,2,5,0,5,1,0
951,32,1,3,1,2,2332,6,20,4,0,5,3,3,0,0,2,0,0,0,1,0,2,1,0
952,25,19,3,1,2,2413,1,18,3,3,1,2,1,0,0,0,1,2,2,2,1,8,1,1
954,40,10,1,3,2,9705,2,12,3,1,11,2,1,0,0,0,0,2,2,2,1,7,0,0
956,26,1,3,2,1,4294,1,12,3,0,7,2,7,7,0,7,0,1,1,3,1,7,2,0
957,41,6,4,1,1,4721,2,13,3,0,20,3,18,13,2,17,0,2,2,3,1,2,2,1
958,36,2,3,1,3,2519,4,21,4,0,16,6,11,8,3,9,0,2,2,3,1,2,2,0
959,19,21,4,1,2,2121,1,13,3,0,1,3,1,0,0,0,1,2,2,4,1,8,2,1
960,20,4,1,1,1,2973,1,19,3,0,1,2,1,0,0,0,1,2,2,5,1,2,2,0
961,31,12,4,2,4,5855,0,11,3,2,10,2,9,7,8,5,0,2,2,3,0,0,1,1
964,40,9,4,1,2,3617,8,14,3,1,3,2,1,1,0,0,0,1,1,3,1,6,0,1
966,32,3,3,2,1,6725,1,12,3,1,8,2,8,7,6,3,0,2,2,3,0,4,1,0
967,36,3,3,3,4,10325,1,11,3,1,16,6,16,7,3,7,1,2,2,1,1,7,1,1
969,33,1,2,2,4,6949,0,14,3,0,6,3,5,0,1,4,0,2,2,1,0,0,2,0
970,37,1,1,3,3,10609,5,11,3,0,17,2,14,1,11,7,1,2,2,1,1,7,1,0
972,45,4,3,2,2,4447,1,12,3,0,9,5,9,7,0,8,0,0,0,1,1,2,1,0
974,29,20,3,1,4,2157,1,15,3,1,3,5,3,1,0,2,0,1,1,5,0,8,1,0
975,35,18,3,2,3,4601,1,16,3,0,5,3,5,2,1,0,0,2,2,3,0,7,1,0
976,52,1,4,4,4,17099,2,15,3,1,26,2,9,8,7,8,0,2,2,1,1,3,1,0
977,58,2,4,1,3,2479,4,24,4,0,7,4,1,0,0,0,1,2,2,5,1,6,2,0
981,53,2,3,4,3,14852,6,13,3,1,22,3,17,13,15,2,0,2,2,3,1,3,0,0
982,30,8,3,3,3,7264,5,11,3,1,10,2,8,4,7,7,0,2,2,4,1,7,0,0
983,38,10,3,2,4,5666,1,13,3,0,6,1,5,3,1,3,0,0,0,5,0,7,2,1
984,35,3,4,3,4,7823,6,13,3,1,12,2,10,9,0,8,0,2,2,1,1,7,0,0
985,39,2,1,3,3,7880,0,18,3,0,9,3,8,7,0,7,0,2,2,1,1,7,2,0
986,40,24,2,4,2,13194,4,16,3,0,22,2,1,0,0,0,1,0,0,1,0,7,2,1
987,47,16,3,2,3,5067,1,19,3,0,20,3,19,10,2,7,0,1,1,3,1,4,0,1
990,36,8,1,2,4,5079,4,13,3,2,12,3,7,7,0,7,0,0,0,5,1,7,0,0
991,31,9,3,1,1,2321,0,22,4,0,4,0,3,2,1,2,1,0,0,3,1,6,2,1
992,33,17,4,4,3,17444,1,11,3,0,10,2,10,8,6,0,0,0,0,1,1,3,2,0
994,29,10,4,1,1,2404,6,20,4,0,3,5,0,0,0,0,1,2,2,1,0,6,2,1
995,33,13,2,1,4,3452,3,18,3,0,5,4,3,2,0,2,0,2,2,1,0,6,2,0
996,45,1,4,1,4,2270,3,14,3,2,8,2,5,3,0,2,0,2,2,3,0,2,0,0
997,50,1,4,4,4,17399,9,22,4,1,32,1,5,4,1,3,0,2,2,3,1,5,0,0
998,33,1,3,2,2,5488,1,13,3,1,6,2,6,5,1,2,0,1,1,4,0,0,1,1
999,41,9,1,5,3,19419,2,17,3,1,21,2,18,16,0,11,0,1,1,3,1,5,0,0
1001,27,16,3,1,2,2811,9,14,3,1,4,2,2,2,2,2,0,2,2,5,0,2,1,0
1002,45,23,4,2,1,3633,1,15,3,1,9,2,9,8,0,8,0,0,0,1,1,2,1,1
1003,47,4,4,2,4,4163,1,17,3,0,9,0,9,0,0,7,0,2,2,1,0,7,2,1
1004,30,22,1,1,3,2132,4,11,3,0,7,2,5,2,0,1,1,2,2,1,0,6,1,1
1005,50,24,4,4,3,13973,3,18,3,1,22,2,12,11,1,5,0,2,2,1,1,4,1,1
1006,38,10,3,1,3,2684,0,17,3,1,3,0,2,1,0,2,0,1,1,3,1,6,1,0
1007,46,7,4,3,3,10845,6,13,3,1,13,3,8,7,0,7,0,2,2,3,1,4,0,0
1009,24,17,4,2,3,4377,1,15,3,2,5,6,4,2,3,2,0,2,2,3,0,4,0,0
1010,35,14,3,1,2,3743,1,24,4,1,5,2,4,2,0,2,1,2,2,4,1,2,0,1
1011,31,1,3,2,1,4148,1,12,3,1,4,1,4,3,0,3,0,1,1,1,0,4,1,0
1012,18,5,2,1,4,1051,1,15,3,0,0,2,0,0,0,0,0,0,0,1,1,6,2,0
1013,54,17,3,3,3,10739,8,11,3,1,22,2,10,7,0,8,0,2,2,5,0,4,1,0
1014,35,25,3,3,3,10388,1,11,3,1,16,3,16,10,10,1,0,2,2,3,0,0,0,1
1015,30,8,2,3,1,11416,0,12,3,3,9,4,8,7,1,7,0,2,2,1,0,5,1,1
1016,20,11,4,1,1,2600,1,15,3,0,1,2,1,0,0,0,1,2,2,3,0,6,2,1
1017,30,5,2,1,2,2422,0,17,3,0,4,3,3,2,1,2,1,1,1,3,0,2,2,0
1018,26,2,4,2,4,5472,1,12,3,0,8,2,8,7,1,3,0,2,2,3,1,4,1,0
1019,22,8,2,1,1,2451,1,15,3,1,4,3,4,3,1,1,0,2,2,1,1,2,1,0
1022,48,6,1,2,3,4240,2,13,3,0,19,0,2,2,2,2,0,2,2,1,1,0,2,0
1024,48,4,3,3,3,10999,7,14,3,0,27,3,15,11,4,8,0,2,2,1,1,0,2,0
1025,41,7,4,2,3,5003,6,14,3,0,8,6,2,2,2,1,0,2,2,3,0,4,2,0
1026,39,1,4,4,4,12742,1,16,3,1,21,3,21,6,11,8,0,2,2,1,0,4,1,0
1027,27,2,1,2,4,4227,0,18,3,1,4,2,3,2,2,2,0,2,2,1,0,4,1,0
1028,35,10,2,1,4,3917,1,20,4,1,3,4,3,2,1,2,0,2,2,4,1,2,0,0
1029,42,5,4,5,3,18303,6,13,3,0,21,3,1,0,0,0,0,2,2,2,1,3,1,0
1030,50,9,1,1,4,2380,4,18,3,0,8,5,1,0,0,0,0,2,2,1,1,2,1,0
1032,59,2,3,4,4,13726,3,13,3,0,30,4,5,3,4,3,0,2,2,1,0,4,2,1
1033,37,11,1,2,2,4777,5,15,3,0,15,2,1,0,0,0,1,2,2,3,0,0,1,0
1034,55,18,3,2,2,6385,3,14,3,2,17,3,8,7,6,7,0,1,1,3,1,0,1,1
1035,41,7,2,5,3,19973,1,22,4,2,21,3,21,16,5,10,0,0,0,1,0,5,0,0
1036,38,3,2,2,4,6861,8,12,3,0,19,1,1,0,0,0,0,2,2,1,1,7,2,1
1037,26,29,2,2,1,4969,8,18,3,0,7,6,2,2,2,2,1,0,0,3,1,7,2,0
1038,52,2,1,5,4,19845,1,15,3,1,33,3,32,14,6,9,1,2,2,2,0,3,1,0
1039,44,28,4,4,4,13320,3,18,3,1,23,2,12,11,11,11,0,2,2,3,0,7,1,1
1040,50,1,4,2,3,6347,0,12,3,1,19,3,18,7,0,13,0,0,0,1,0,7,1,0
1042,36,16,3,1,1,2743,1,16,3,0,18,1,17,13,15,14,1,2,2,1,0,2,2,0
1043,39,22,4,3,1,10880,1,13,3,0,21,2,21,6,2,8,0,1,1,3,0,4,2,1
1044,33,8,2,1,4,2342,0,19,3,0,3,2,2,2,2,2,0,0,0,1,0,8,2,0
1045,45,11,4,4,4,17650,3,13,3,1,26,4,9,3,1,1,0,2,2,1,0,3,1,0
1046,32,29,4,1,3,4025,9,12,3,0,10,2,8,7,7,7,0,0,0,3,0,2,2,0
1047,34,1,2,2,4,9725,0,11,3,1,16,2,15,1,0,9,0,2,2,2,1,7,0,0
1048,59,1,2,3,4,11904,3,14,3,1,14,1,6,4,0,4,0,2,2,5,1,3,1,1
1049,45,24,2,1,2,2177,1,16,3,0,6,3,6,3,0,4,0,2,2,3,1,1,2,0
1050,53,2,3,3,2,7525,2,12,3,1,30,2,15,7,6,12,0,1,1,2,0,7,1,0
1052,36,15,1,2,3,4834,7,14,3,1,9,3,1,0,0,0,1,2,2,4,1,2,0,0
1053,26,2,1,1,1,2042,6,14,3,1,6,2,3,2,1,2,1,1,1,1,1,6,1,1
1055,34,10,3,1,3,2220,1,19,3,1,1,2,1,1,0,0,0,2,2,1,0,8,1,1
1056,28,10,4,1,2,1052,1,22,4,0,1,5,1,0,0,0,0,2,2,3,1,8,1,0
1060,38,3,3,1,3,2821,3,16,3,1,8,2,2,2,2,2,0,1,1,4,1,6,1,0
1061,50,2,2,5,3,19237,2,11,3,1,29,2,8,1,7,7,0,2,2,3,1,5,1,1
1062,37,3,4,2,2,4107,3,15,3,0,8,3,4,3,0,1,0,2,2,4,0,0,2,0
1066,40,26,3,2,1,8396,1,14,3,1,8,3,7,7,7,5,0,2,2,2,1,7,1,0
1068,26,1,1,1,3,2007,1,13,3,2,5,5,5,3,1,3,0,1,1,3,0,6,0,0
1069,46,1,4,5,4,19627,9,17,3,2,23,0,2,2,2,2,0,2,2,3,1,5,0,0
1070,54,2,3,3,3,10686,6,11,3,1,13,4,9,4,7,0,0,2,2,1,0,7,1,0
1071,56,9,1,1,3,2942,2,19,3,1,18,4,5,4,0,3,0,1,1,3,0,6,1,0
1073,36,12,4,3,4,8858,0,11,3,0,15,2,14,8,7,8,0,2,2,3,0,4,2,0
1074,55,2,3,4,1,16756,7,15,3,0,31,3,9,7,6,2,0,0,0,3,1,3,2,0
1076,43,25,3,3,4,10798,5,13,3,1,18,5,1,0,0,0,0,2,2,3,1,7,0,0
1077,20,9,4,1,4,2323,1,14,3,0,2,3,2,2,0,2,1,1,1,2,0,8,2,1
1079,21,10,3,1,1,1416,1,13,3,0,1,6,1,0,1,0,1,2,2,1,0,2,2,0
1080,46,8,4,2,1,4615,8,23,4,3,19,2,16,13,1,7,0,2,2,1,0,6,0,1
1081,51,4,1,1,3,2461,9,12,3,3,18,2,10,0,2,7,1,2,2,1,1,6,1,1
1082,28,24,2,3,1,8722,1,12,3,0,10,2,10,7,1,9,1,0,0,5,1,0,2,0
1083,26,1,1,1,1,3955,1,16,3,2,6,2,5,3,1,3,0,2,2,3,1,2,1,0
1084,30,20,3,2,1,9957,0,15,3,1,7,1,6,2,0,2,0,2,2,4,1,4,1,0
1085,41,7,2,1,3,3376,1,13,3,0,10,3,10,6,0,8,0,2,2,5,0,6,1,0
1088,38,17,3,3,3,8823,0,18,3,1,20,4,19,9,1,9,0,2,2,1,0,0,1,0
1092,40,20,1,3,4,10322,4,20,4,1,14,6,11,10,11,1,0,2,2,5,1,0,1,0
1094,27,8,1,1,3,4621,1,19,3,3,3,4,3,2,1,2,0,0,0,1,1,2,1,0
1096,55,2,4,3,2,10976,3,18,3,1,23,4,3,2,1,2,0,1,1,1,1,4,1,0
1097,28,10,3,2,3,3660,3,13,3,0,10,4,8,7,1,7,0,2,2,4,0,6,2,0
1098,44,1,2,3,1,10482,9,14,3,1,24,1,20,6,3,6,1,2,2,3,1,1,1,0
1099,33,5,4,3,4,7119,4,15,3,1,9,2,3,2,1,2,0,2,2,1,1,0,0,0
1100,35,4,4,3,1,9582,0,22,4,0,9,2,8,7,4,7,1,2,2,5,1,7,2,1
1101,33,29,1,2,3,4508,1,22,4,0,14,4,13,7,3,8,1,1,1,3,0,6,2,0
1102,28,15,1,1,3,2207,1,16,3,1,4,5,4,2,2,2,0,2,2,1,1,2,0,0
1103,34,3,1,2,4,7756,0,17,3,0,7,1,6,2,0,4,0,1,1,1,1,0,2,0
1105,37,10,4,2,4,6694,2,14,3,3,8,5,1,0,0,0,0,2,2,1,0,7,0,1
1106,25,4,4,1,4,3691,1,15,3,1,7,3,7,7,5,6,1,2,2,5,1,2,1,1
1107,26,21,1,1,3,2377,1,20,4,1,1,0,1,1,0,0,1,2,2,3,1,2,0,0
1108,33,25,1,1,2,2313,4,20,4,0,5,0,2,2,2,2,1,2,2,3,1,6,2,1
1109,42,2,4,4,1,17665,0,17,3,1,23,3,22,6,13,7,0,2,2,3,1,3,1,0
1111,28,1,1,1,2,2596,1,15,3,2,1,2,1,0,0,0,1,1,1,3,1,2,0,0
1113,50,1,4,2,3,4728,3,14,3,0,5,4,0,0,0,0,1,1,1,4,1,7,2,1
1114,33,7,4,2,2,4302,0,17,3,1,4,3,3,2,0,2,0,1,1,1,0,7,1,0
1115,34,3,3,1,4,2979,3,17,3,3,6,2,0,0,0,0,0,0,0,1,1,6,1,0
1116,48,1,1,4,4,16885,2,22,4,0,27,3,5,4,2,1,0,0,0,3,1,3,2,0
1117,45,9,2,2,3,5593,1,13,3,1,15,2,15,10,4,12,0,0,0,1,0,7,1,0
1118,52,7,2,3,2,10445,7,19,3,0,18,4,8,6,4,0,0,2,2,1,1,0,2,0
1119,38,10,3,3,3,8740,0,14,3,2,9,2,8,7,2,7,0,2,2,2,1,7,0,1
1120,29,28,3,1,4,2514,4,22,4,1,11,1,7,5,1,7,0,2,2,1,0,6,0,0
1121,28,3,4,3,2,7655,0,17,3,3,10,3,9,7,1,7,0,2,2,3,0,4,0,0
1124,46,3,1,4,3,17465,3,12,3,1,23,3,12,9,4,9,0,2,2,2,1,3,1,0
1125,38,2,4,3,2,7351,7,16,3,0,10,2,1,0,0,0,0,2,2,2,1,7,2,0
1126,43,27,3,3,1,10820,8,11,3,1,18,1,8,7,0,1,0,1,1,1,0,4,1,0
1127,39,2,1,4,4,12169,7,11,3,3,21,4,18,7,11,5,1,1,1,1,1,0,0,0
1128,40,14,3,5,3,19626,1,14,3,0,21,2,20,7,4,9,0,2,2,3,1,5,2,0
1131,21,1,4,1,2,2070,1,11,3,0,2,6,2,2,2,2,0,2,2,5,0,6,2,1
1132,39,9,3,2,2,6782,9,15,3,0,9,2,5,4,0,3,0,0,0,1,1,2,2,0
1133,36,18,1,2,4,7779,2,20,4,0,18,0,11,9,0,9,0,0,0,1,1,4,2,0
1135,31,20,3,1,4,2791,0,12,3,1,3,4,2,2,2,2,0,1,1,1,1,8,1,0
1136,28,2,1,1,2,3201,0,17,3,0,6,2,5,3,0,4,0,2,2,1,1,6,1,0
1137,35,11,4,2,4,4968,1,11,3,1,5,3,5,2,0,2,0,1,1,2,1,7,0,0
1138,49,8,4,4,2,13120,6,17,3,1,22,3,9,8,2,3,0,2,2,5,1,7,1,0
1140,34,2,4,2,3,4033,2,11,3,0,5,3,3,2,0,2,0,1,1,1,1,4,2,0
1143,29,10,4,1,2,3291,0,14,3,2,8,2,7,5,1,1,0,1,1,1,0,6,0,0
1148,42,29,2,2,4,4272,4,19,3,0,16,3,1,0,0,0,0,2,2,3,1,2,2,0
1150,29,8,2,2,4,5056,1,15,3,1,10,2,10,7,1,2,0,2,2,3,1,4,1,1
1152,38,1,3,1,3,2844,1,13,3,1,7,2,7,6,5,0,0,2,2,0,1,1,1,0
1154,28,6,3,1,3,2703,1,14,3,1,3,2,3,1,0,2,0,1,1,1,1,6,0,1
1156,18,8,3,1,3,1904,1,12,3,0,0,0,0,0,0,0,1,0,0,3,1,2,2,0
1157,33,9,1,2,1,8224,0,17,3,0,6,3,5,2,0,3,1,2,2,2,0,7,2,1
1158,41,12,2,1,4,4766,3,11,3,1,6,4,1,0,0,0,0,2,2,1,1,2,1,1
1160,31,15,3,1,3,2610,1,12,3,1,2,5,2,2,2,2,1,1,1,3,1,2,1,0
1161,37,25,3,2,4,5731,7,13,3,2,9,2,6,2,1,3,0,2,2,3,0,0,0,0
1162,27,6,4,1,3,2539,1,13,3,1,4,0,4,2,2,2,0,2,2,1,1,6,1,0
1163,34,9,2,2,3,5714,1,20,4,0,6,3,6,5,1,3,0,2,2,1,0,7,1,0
1164,35,8,3,1,3,4323,1,17,3,0,6,2,5,4,1,4,0,2,2,5,1,1,2,0
1165,29,23,4,3,1,7336,1,13,3,1,11,3,11,8,3,10,1,2,2,1,0,7,1,0
1166,40,9,2,3,3,13499,9,17,3,0,20,3,18,7,2,13,0,1,1,3,0,5,2,0
1167,42,12,3,4,1,13758,0,12,3,0,22,2,21,9,13,14,1,1,1,1,1,7,2,1
1171,42,4,2,2,1,5155,7,13,3,0,9,3,6,4,1,5,0,2,2,2,1,7,2,0
1172,35,1,4,1,3,2258,6,12,3,1,10,2,8,0,1,7,0,2,2,3,1,2,1,0
1173,24,24,4,1,2,3597,8,22,4,0,6,2,4,3,1,2,0,2,2,3,1,2,2,0
1175,28,12,3,1,4,2515,1,11,3,0,1,4,1,1,0,0,1,2,2,1,0,2,1,1
1177,26,3,1,1,4,4420,1,22,4,1,8,2,8,7,0,7,0,2,2,3,1,2,1,0
1179,30,10,3,2,3,6578,1,18,3,1,10,3,10,3,1,4,0,2,2,2,1,7,1,0
1180,40,26,3,2,4,4422,3,13,3,1,16,3,1,1,0,0,0,1,1,3,0,6,1,1
1182,35,2,3,3,2,10274,2,18,3,1,15,2,7,7,6,4,0,2,2,1,1,4,0,0
1184,34,1,4,2,1,5343,0,20,4,0,14,3,13,9,4,9,0,1,1,3,1,0,2,0
1185,35,4,4,1,4,2376,1,13,3,1,2,2,2,2,2,2,0,1,1,4,1,2,1,0
1188,43,9,1,2,3,5346,8,13,3,0,7,2,4,3,1,3,1,2,2,2,0,7,2,0
1190,32,2,3,1,1,2827,1,12,3,3,1,3,1,0,0,0,0,0,0,1,0,8,0,0
1191,56,4,4,5,1,19943,4,13,3,1,28,2,5,2,4,2,0,2,2,5,0,3,0,0
1192,29,6,2,1,4,3131,1,13,3,1,10,5,10,8,0,8,0,2,2,3,0,2,1,0
1193,19,9,3,1,1,2552,1,25,4,0,1,4,1,1,0,0,0,2,2,1,1,6,2,0
1195,45,7,1,1,3,4477,4,19,3,1,7,2,3,2,0,2,0,2,2,3,0,6,1,1
1196,37,1,4,2,4,6474,1,13,3,1,14,2,14,8,3,11,0,2,2,1,0,4,1,0
1198,20,3,1,1,3,3033,1,12,3,0,2,2,2,2,1,2,0,2,2,1,1,2,2,0
1200,44,10,3,1,3,2936,1,11,3,0,6,4,6,4,0,2,1,2,2,1,1,6,2,1
1201,53,7,4,5,3,18606,3,18,3,1,26,6,7,7,4,7,0,2,2,3,0,3,0,0
1202,29,15,2,1,4,2168,0,18,3,1,6,2,5,4,1,3,0,2,2,1,0,6,1,1
1203,22,3,3,1,4,2853,0,11,3,1,1,5,0,0,0,0,1,1,1,1,1,6,1,1
1204,46,2,3,4,1,17048,8,23,4,0,28,2,26,15,15,9,0,2,2,2,0,3,1,0
1206,44,17,4,1,3,2290,2,13,3,0,6,3,0,0,0,0,0,0,0,1,1,6,2,0
1207,33,2,2,1,3,3600,1,13,3,1,5,2,5,4,1,4,0,2,2,0,1,1,1,0
1210,41,5,1,1,1,2107,6,17,3,1,5,2,1,0,0,0,1,0,0,1,1,6,0,0
1211,30,29,3,2,1,4115,8,19,3,3,8,3,4,3,0,3,0,2,2,1,1,7,0,0
1212,40,2,2,2,2,4327,5,12,3,3,5,2,0,0,0,0,0,1,1,3,1,7,1,0
1215,50,2,4,4,1,17856,2,22,4,1,32,3,2,2,2,2,0,1,1,3,0,3,1,0
1216,28,19,4,1,1,3196,1,12,3,3,6,2,6,5,3,3,0,2,2,3,1,2,1,0
1217,46,15,4,5,2,19081,5,11,3,1,25,2,4,2,0,3,0,2,2,1,1,5,1,0
1218,35,17,3,2,1,8966,3,15,3,3,15,2,7,7,1,7,0,2,2,1,1,7,1,1
1219,24,17,4,1,2,2210,1,13,3,1,1,3,1,0,0,0,1,2,2,1,0,2,1,0
1220,33,25,2,2,3,4539,1,12,3,1,10,3,10,7,0,1,0,1,1,3,0,7,1,0
1221,36,6,3,1,3,2741,1,14,3,1,7,4,7,7,1,7,0,2,2,1,1,2,0,0
1224,30,7,3,2,3,3491,1,13,3,3,10,4,10,7,8,9,0,2,2,1,1,2,0,0
1225,44,29,4,2,4,4541,1,25,4,0,20,3,20,11,13,17,0,2,2,4,1,6,2,0
1226,20,21,3,1,4,2678,1,17,3,0,2,2,2,1,2,2,0,2,2,2,1,8,2,0
1228,46,2,4,2,4,7379,2,11,3,1,12,3,6,3,1,4,0,2,2,5,1,4,0,0
1231,42,2,4,2,1,6272,7,16,3,1,10,3,4,3,0,3,0,0,0,3,1,1,1,0
1233,60,7,2,2,4,5220,0,18,3,1,12,3,11,7,1,9,0,2,2,2,1,7,0,1
1234,32,13,3,1,2,2743,1,20,4,1,2,2,2,2,2,2,0,1,1,4,0,2,1,0
1235,32,2,4,2,3,4998,4,14,3,0,10,2,8,7,0,7,0,1,1,1,0,6,2,1
1237,36,1,3,3,1,10252,2,21,4,1,17,2,7,7,7,7,0,2,2,5,0,4,0,1
1238,33,9,1,1,4,2781,0,13,3,1,15,5,14,10,4,10,0,2,2,3,1,6,1,0
1239,40,10,2,2,2,6852,7,12,3,1,7,2,5,1,1,3,0,2,2,5,0,7,0,0
1240,25,10,3,2,4,4950,0,14,3,0,5,4,4,3,1,1,0,2,2,1,1,7,2,0
1241,30,1,4,1,2,3579,0,21,4,1,12,2,11,9,5,7,0,2,2,3,1,6,1,1
1242,42,26,1,3,1,13191,3,17,3,0,20,6,1,0,0,0,0,1,1,3,0,5,1,1
1243,35,8,3,3,4,10377,4,11,3,1,16,6,13,2,4,12,0,0,0,2,0,7,1,1
1244,27,14,1,1,1,2235,1,14,3,2,9,3,9,7,6,8,0,2,2,1,1,6,1,1
1245,54,1,4,3,3,10502,7,17,3,1,33,2,5,4,1,4,0,1,1,1,0,4,0,0
1246,44,2,1,1,4,2011,1,13,3,1,10,5,10,5,7,7,0,2,2,1,0,6,1,0
1248,19,10,1,1,2,1859,1,25,4,0,1,2,1,1,0,0,1,0,0,3,0,6,2,1
1249,29,1,1,1,4,3760,1,15,3,3,3,5,3,2,1,2,0,2,2,1,0,6,0,0
1250,54,3,4,4,4,17779,3,14,3,0,36,2,10,9,0,9,0,2,2,1,1,5,1,0
1251,31,11,3,2,1,6833,1,12,3,0,6,2,6,5,0,1,0,2,2,3,1,0,1,1
1252,31,24,3,2,1,6812,1,19,3,0,10,2,10,9,1,8,0,2,2,3,0,0,2,0
1254,59,3,3,2,4,5171,5,17,3,0,13,2,6,1,0,5,0,2,2,1,0,7,2,0
1255,43,3,3,5,4,19740,3,14,3,1,25,2,8,7,0,7,0,2,2,1,1,5,1,0
1256,49,4,1,5,3,18711,2,13,3,1,23,2,1,0,0,0,0,2,2,3,1,3,1,0
1257,36,3,3,1,2,3692,1,12,3,0,12,2,11,10,0,7,0,1,1,5,1,6,1,0
1258,48,2,4,1,2,2559,5,11,3,0,7,4,1,0,0,0,0,2,2,5,1,2,2,0
1259,27,4,1,1,3,2517,1,11,3,3,5,2,5,3,0,3,0,2,2,1,1,6,0,0
1260,29,7,3,2,4,6623,1,11,3,2,6,2,6,0,1,0,0,2,2,1,1,0,0,1
1263,48,1,4,5,4,18265,6,12,3,0,25,3,1,0,0,0,0,2,2,1,1,5,2,0
1264,29,1,4,4,4,16124,3,14,3,2,9,2,7,7,1,7,0,2,2,1,0,5,0,0
1265,34,20,3,1,3,2585,0,17,3,0,2,5,1,0,0,0,0,2,2,5,0,6,1,0
1267,44,5,2,5,2,18213,7,11,3,1,26,5,22,9,3,10,0,2,2,2,1,3,1,0
1268,33,10,4,3,3,8380,0,14,3,2,10,3,9,8,0,8,0,2,2,2,1,7,0,1
1269,19,25,2,1,4,2994,1,12,3,0,1,2,1,0,0,1,0,2,2,1,0,6,2,1
1270,23,1,4,1,3,1223,1,22,4,1,1,2,1,0,0,1,0,2,2,1,1,6,1,0
1273,25,24,3,1,4,1118,1,14,3,0,1,4,1,0,1,0,1,1,1,1,1,8,2,1
1275,26,4,3,1,4,2875,1,20,4,0,8,2,8,5,2,2,0,2,2,1,1,6,2,1
1277,45,2,1,5,2,18824,2,16,3,0,26,2,24,10,1,11,1,2,2,2,0,3,2,1
1278,55,8,4,4,2,13577,1,15,3,1,34,3,33,9,15,0,0,0,0,3,1,0,0,1
1279,21,10,1,1,3,2625,1,20,4,0,2,2,2,2,2,2,1,1,1,1,0,2,2,0
1280,46,4,4,5,2,18789,2,14,3,1,26,2,11,4,0,8,0,2,2,2,0,3,1,0
1281,34,2,3,2,1,4538,0,12,3,0,4,3,3,2,0,2,0,2,2,2,0,7,2,1
1282,51,9,4,5,2,19847,4,24,4,1,31,5,29,10,11,10,0,1,1,1,1,3,0,1
1283,59,18,4,3,4,10512,6,12,3,0,25,6,9,7,5,4,0,2,2,3,1,4,2,0
1285,34,19,3,2,2,4444,4,13,3,2,15,2,11,8,5,10,0,1,1,3,0,2,0,0
1286,28,1,4,1,3,2154,0,11,3,0,5,2,4,2,0,2,0,1,1,3,1,2,2,1
1288,44,4,3,5,1,19190,1,14,3,2,26,4,25,9,14,13,0,2,2,1,1,3,0,0
1289,34,11,3,2,2,4490,4,11,3,2,14,5,10,9,1,8,0,1,1,1,1,1,1,0
1291,35,6,3,1,3,3506,0,14,3,0,4,3,3,2,2,2,0,2,2,1,1,6,1,1
1292,42,7,2,2,2,2372,6,16,3,0,18,2,1,0,0,0,0,2,2,3,0,6,1,1
1293,43,4,4,3,4,10231,3,14,3,0,23,3,21,7,15,17,0,2,2,2,0,7,2,0
1294,36,2,3,2,2,5410,9,11,3,0,18,2,16,14,5,12,0,2,2,1,0,4,2,1
1295,44,15,1,3,4,7978,1,11,3,1,10,2,10,7,0,5,1,2,2,3,0,0,1,0
1296,28,2,4,1,4,3867,1,12,3,1,2,2,2,2,2,2,0,1,1,1,1,2,1,1
1297,51,6,2,1,3,2838,0,14,3,0,8,6,7,0,7,7,0,1,1,3,0,2,2,0
1298,30,9,3,2,3,4695,7,18,3,0,10,3,8,4,1,7,0,0,0,3,0,4,2,1
1299,29,7,2,1,3,3339,3,13,3,2,10,2,7,7,7,7,1,2,2,5,0,2,0,1
1301,28,1,4,1,1,2080,2,11,3,0,5,2,3,2,1,2,0,2,2,5,1,6,2,0
1303,25,1,4,1,2,2096,1,18,3,0,2,3,2,2,2,1,0,2,2,3,0,6,2,0
1304,32,8,3,2,4,6209,1,15,3,2,10,4,10,7,0,8,0,2,2,3,1,7,1,0
1306,45,25,2,5,2,18061,3,22,4,0,22,4,0,0,0,0,0,1,1,3,0,3,2,0
1307,39,13,3,4,2,17123,6,13,3,2,21,4,19,9,15,2,0,2,2,3,0,3,0,1
1308,58,23,1,1,3,2372,1,12,3,2,2,3,2,2,2,2,0,2,2,1,1,6,0,0
1309,32,7,4,2,3,4883,1,18,3,1,10,3,10,4,1,1,1,2,2,1,1,2,1,0
1310,39,23,3,1,1,3904,0,13,3,0,6,2,5,2,0,3,1,2,2,3,1,6,2,0
1311,30,6,1,2,4,4627,0,12,3,1,10,6,9,2,6,7,0,2,2,5,0,2,1,0
1312,36,10,4,3,3,7094,3,12,3,0,10,0,7,7,1,7,0,2,2,5,0,0,1,0
1314,46,1,4,1,1,3423,6,12,3,0,10,3,7,6,5,7,0,2,2,1,0,1,2,0
1315,28,1,3,2,4,6674,0,11,3,3,10,6,9,8,7,5,0,0,0,1,0,2,1,0
1317,50,28,4,4,1,16880,4,11,3,0,25,2,3,2,1,2,0,2,2,1,0,5,1,1
1318,40,25,4,3,2,9094,2,12,3,0,9,2,5,4,1,0,1,2,2,2,1,7,2,1
1319,52,5,2,3,2,8446,9,19,3,0,10,2,8,7,7,7,1,2,2,1,1,7,2,1
1321,30,17,2,3,1,11916,1,23,4,2,9,2,9,1,0,8,0,2,2,3,0,3,1,1
1322,39,18,1,2,3,4534,0,11,3,0,9,6,8,7,1,7,0,2,2,1,1,4,2,0
1324,31,2,4,3,3,9852,1,19,3,1,10,5,10,8,9,6,0,0,0,1,0,7,0,1
1329,41,10,3,2,2,6151,1,13,3,0,19,4,19,2,11,9,0,0,0,3,1,7,2,0
1331,31,1,4,1,2,2302,1,11,3,0,3,2,3,2,2,2,1,1,1,1,0,8,2,1
1333,44,3,1,1,1,2362,4,12,3,0,10,4,3,2,1,2,1,2,2,1,1,2,1,0
1334,42,2,3,4,3,17861,0,13,3,0,21,3,20,8,2,10,0,0,0,1,1,3,1,1
1336,55,2,4,5,3,19187,4,14,3,1,23,5,19,9,9,11,0,2,2,3,0,3,1,0
1338,56,8,4,5,2,19717,6,14,3,0,36,4,7,3,7,7,0,2,2,1,1,3,2,0
1340,40,16,3,1,3,3544,9,16,3,1,6,0,4,2,0,0,0,0,0,1,1,6,0,0
1344,34,9,4,3,4,8500,0,11,3,1,10,0,9,7,1,6,0,2,2,1,1,0,0,0
1346,40,2,3,2,4,4661,1,13,3,0,9,4,9,8,8,8,0,2,2,1,1,6,2,0
1349,41,1,3,2,1,4103,0,17,3,1,10,2,9,3,1,7,0,1,1,2,0,7,0,0
1350,35,4,3,2,3,4249,1,11,3,0,9,3,9,6,1,1,0,1,1,1,1,6,2,1
1352,51,5,3,4,2,14026,1,11,3,1,33,2,33,9,0,10,0,2,2,1,1,3,0,1
1355,38,2,2,2,1,6893,3,15,3,1,11,3,7,7,1,7,0,2,2,1,0,7,0,0
1356,34,15,3,2,1,6125,1,12,3,0,10,6,10,8,9,6,0,2,2,3,0,7,2,0
1358,25,19,4,1,4,3669,3,11,3,3,7,6,3,2,1,2,0,2,2,3,1,2,1,0
1360,58,7,3,3,1,10008,7,14,3,0,31,0,10,9,5,9,1,2,2,3,0,4,1,1
1361,40,1,2,1,2,2387,3,22,4,1,7,3,4,2,0,3,0,2,2,1,1,2,1,0
1362,36,7,1,2,1,4639,2,16,3,1,17,2,15,7,6,13,0,1,1,2,0,7,1,0
1363,48,4,4,3,4,7898,1,11,3,0,11,2,10,9,0,8,0,2,2,1,1,4,2,0
1364,27,11,3,1,4,2534,8,14,3,1,5,4,1,0,0,0,0,2,2,3,0,8,1,0
1367,51,11,4,4,2,13142,3,16,3,0,29,1,5,2,0,3,0,2,2,5,0,4,2,0
1368,18,1,4,1,4,1611,1,15,3,0,0,5,0,0,0,0,0,0,0,1,0,2,2,0
1369,35,1,4,2,4,5363,0,12,3,1,10,0,9,7,0,0,0,2,2,3,0,2,1,0
1371,27,2,4,2,4,5071,3,20,4,0,8,3,6,2,0,0,0,1,1,1,1,7,2,0
1372,55,13,1,4,3,13695,6,17,3,0,24,2,19,7,3,8,1,2,2,2,1,7,2,1
1373,56,23,4,4,2,13402,4,12,3,1,33,0,19,16,15,9,0,2,2,1,1,4,1,1
1374,34,26,1,1,3,2029,1,20,4,3,5,2,5,4,0,0,0,0,0,5,0,6,0,0
1375,40,2,2,2,3,6377,5,20,4,3,15,0,12,11,11,8,0,2,2,3,0,0,0,0
1377,34,29,2,2,3,5429,4,13,3,2,10,1,8,7,7,7,0,2,2,3,1,2,1,0
1379,31,2,3,1,4,2785,7,14,3,0,3,3,1,0,0,0,1,1,1,1,0,8,2,0
1380,35,18,4,2,3,4614,0,18,3,1,5,0,4,2,3,2,1,1,1,2,0,7,1,1
1382,38,7,4,1,3,2610,1,11,3,3,4,2,4,2,0,3,0,1,1,1,1,6,0,0
1383,34,2,3,2,4,6687,1,11,3,0,14,2,14,11,4,11,0,2,2,5,0,0,2,0
1387,28,26,3,2,1,4724,1,11,3,1,5,0,5,3,0,4,0,2,2,1,1,7,1,0
1389,31,22,4,2,3,6179,1,15,3,2,10,3,10,2,6,7,1,2,2,3,1,4,1,1
1390,39,21,1,2,4,6120,3,12,3,2,8,2,5,4,1,4,0,2,2,1,1,7,1,1
1391,51,2,2,3,2,10596,2,11,3,0,14,5,4,2,3,2,0,1,1,2,1,7,1,0
1392,41,22,4,2,4,5467,3,14,3,2,12,4,6,2,3,3,0,1,1,1,0,6,0,1
1394,37,4,3,1,3,2996,7,15,3,0,8,2,6,4,1,3,0,2,2,1,1,6,1,1
1395,33,5,2,2,4,9998,6,13,3,0,8,2,5,4,1,2,0,1,1,1,1,7,1,0
1396,32,2,3,2,2,4078,0,13,3,3,4,3,3,2,1,2,0,2,2,2,1,7,1,1
1397,39,25,3,3,3,10920,3,21,4,1,13,2,6,4,0,5,0,0,0,1,1,0,1,0
1399,25,18,1,2,3,6232,2,11,3,0,6,3,3,2,1,2,0,2,2,1,1,7,1,0
1401,52,28,4,4,3,13247,2,11,3,1,24,3,5,3,0,2,0,1,1,3,0,4,1,1
1402,43,6,1,2,3,4081,1,14,3,0,20,3,20,7,1,8,0,2,2,3,0,6,2,1
1403,27,10,4,2,4,5769,1,11,3,0,6,3,6,2,4,4,0,2,2,2,0,7,1,1
1405,27,17,4,1,3,2394,1,13,3,0,8,2,8,2,7,7,1,2,2,1,0,6,2,1
1407,26,2,1,1,4,3904,0,12,3,0,5,2,4,3,1,1,0,2,2,3,1,6,2,0
1408,42,10,3,4,1,16799,0,14,3,1,21,5,20,7,0,9,0,2,2,0,0,3,1,0
1409,52,8,3,1,1,2950,9,13,3,0,12,2,5,4,0,4,0,2,2,4,0,2,1,0
1411,37,11,1,1,3,3629,4,18,3,0,8,6,3,2,0,2,0,2,2,3,0,2,2,0
1412,35,18,3,3,4,9362,2,11,3,0,10,2,2,2,2,2,0,1,1,1,1,4,2,0
1415,25,1,1,1,4,3229,4,11,3,1,7,2,3,2,0,2,0,2,2,5,1,2,1,0
1417,26,7,3,1,1,3578,0,12,3,0,8,2,7,7,0,7,0,2,2,4,1,2,2,0
1419,29,17,2,3,1,7988,1,13,3,0,10,3,10,9,0,9,0,2,2,4,1,1,2,0
1420,49,28,1,2,1,4284,3,20,4,0,20,2,4,3,1,3,1,1,1,1,1,2,2,0
1421,29,14,3,3,4,7553,0,12,3,0,9,1,8,7,7,7,1,1,1,4,0,0,2,1
1422,54,1,4,4,4,17328,6,19,3,0,29,3,20,7,12,7,0,2,2,3,0,5,2,0
1423,58,1,4,5,1,19701,3,21,4,1,32,3,9,8,1,5,0,2,2,3,0,5,1,1
1424,55,1,2,4,4,14732,2,13,3,2,31,4,7,7,0,0,0,2,2,3,1,5,0,0
1425,36,3,1,2,2,9278,3,16,3,0,15,3,5,4,0,1,0,2,2,2,0,7,2,1
1427,31,1,2,1,3,1359,1,12,3,0,1,3,1,0,0,0,1,1,1,1,0,8,2,0
1428,30,7,4,2,1,4779,7,14,3,2,8,3,3,2,0,2,0,2,2,2,0,7,0,0
1430,31,8,1,4,2,16422,3,11,3,0,9,3,3,2,1,0,0,2,2,1,0,5,2,0
1431,34,1,4,1,1,2996,5,14,3,2,10,2,4,3,1,3,0,1,1,4,1,6,0,0
1433,31,8,1,1,2,1261,1,12,3,0,1,3,1,0,0,0,1,2,2,1,0,6,2,0
1434,27,11,2,1,1,2099,0,14,3,0,6,3,5,0,1,4,0,2,2,1,1,2,1,0
1435,36,4,1,2,4,5810,1,16,3,0,10,2,10,4,1,8,0,2,2,1,1,2,2,0
1436,36,16,3,2,1,5647,4,13,3,2,11,3,3,2,0,2,0,2,2,2,0,7,1,0
1438,47,1,1,1,4,3420,7,12,3,1,17,2,6,5,1,2,0,2,2,5,1,6,1,0
1439,25,9,1,1,1,4400,3,12,3,0,6,2,3,2,2,2,1,2,2,1,1,8,1,0
1440,37,5,3,1,3,3500,0,14,3,0,7,2,6,5,1,3,0,0,0,5,1,2,2,0
1441,56,1,1,1,1,2066,2,22,4,1,5,3,3,2,1,0,0,2,2,1,0,6,1,0
1443,47,2,1,4,3,17169,3,19,3,2,26,2,20,17,5,6,0,2,2,3,0,5,1,0
1445,24,4,4,2,3,4162,1,12,3,2,5,3,5,4,0,3,0,2,2,3,0,7,1,1
1446,32,7,4,2,4,9204,4,12,3,1,7,3,4,3,0,3,0,2,2,2,1,7,1,0
1447,34,1,4,1,2,3294,5,17,3,1,7,2,5,4,0,2,0,2,2,1,0,2,1,0
1448,41,5,2,1,3,2127,2,12,3,0,7,5,4,2,0,3,0,2,2,3,1,6,1,1
1449,40,9,3,2,3,3975,3,11,3,2,11,2,8,7,0,7,0,0,0,4,1,2,0,0
1453,31,8,1,3,4,10793,1,18,3,1,13,5,13,7,9,9,0,2,2,1,1,7,0,0
1457,46,9,1,3,4,10096,4,11,3,1,28,1,7,7,4,3,1,2,2,2,1,7,0,0
1458,39,2,1,1,1,3646,2,23,4,0,11,2,1,0,0,0,1,0,0,1,0,2,2,1
1459,31,1,3,3,2,7446,1,11,3,0,10,2,10,8,4,7,1,1,1,1,0,4,2,0
1460,45,20,2,3,1,10851,2,18,3,1,24,2,7,7,0,7,0,2,2,3,1,0,0,1
1461,31,8,4,1,2,2109,9,18,3,0,8,3,3,2,0,2,0,2,2,3,0,1,2,0
1464,31,2,2,1,4,3722,6,13,3,1,7,2,2,2,2,2,1,1,1,1,1,2,1,1
1465,45,29,2,3,4,9380,4,18,3,2,10,4,3,1,1,2,0,2,2,5,1,4,1,1
1466,48,7,3,2,1,5486,4,11,3,3,15,3,2,2,2,2,0,2,2,2,1,7,0,0
1467,34,9,1,1,3,2742,1,15,3,0,2,0,2,2,2,2,1,2,2,5,0,1,1,0
1468,40,8,4,3,2,13757,2,11,3,1,16,5,9,8,4,8,0,0,0,3,1,5,0,0
1469,28,5,4,2,1,8463,0,18,3,0,6,4,5,4,1,3,0,2,2,3,1,7,2,0
1471,44,5,3,1,3,3162,3,14,3,0,7,5,5,2,0,3,0,0,0,1,1,2,2,0
1472,53,2,4,4,2,16598,4,12,3,0,35,2,9,8,8,8,0,2,2,3,1,5,2,0
1473,49,5,1,2,3,6651,2,14,3,1,20,0,3,2,1,2,0,2,2,5,1,0,1,0
1474,40,2,3,1,3,2345,2,14,3,1,8,3,3,1,1,2,0,2,2,3,1,6,0,0
1475,44,20,4,1,2,3420,1,13,3,0,6,3,5,2,1,3,0,2,2,1,1,6,2,0
1477,33,7,4,2,1,4373,0,14,3,2,5,2,4,3,0,3,0,1,1,3,1,7,1,0
1478,34,3,4,2,1,4759,3,18,3,0,15,2,13,9,3,12,0,2,2,4,1,7,2,0
1479,30,16,4,2,3,5301,8,15,3,2,4,2,2,1,2,2,0,2,2,1,1,7,1,0
1480,42,9,1,1,4,3673,1,13,3,0,12,3,12,9,5,8,0,1,1,3,0,2,2,0
1481,44,1,1,2,3,4768,7,12,3,1,11,4,1,0,0,0,0,1,1,2,0,7,1,0
1482,30,7,3,1,3,1274,1,13,3,2,1,2,1,0,0,0,0,0,0,5,1,6,0,0
1483,57,1,2,2,3,4900,0,24,4,1,13,2,12,9,2,8,0,2,2,1,1,6,1,0
1484,49,7,3,3,2,10466,3,14,3,2,29,3,8,7,0,7,0,2,2,1,1,0,0,0
1485,34,15,2,4,1,17007,7,14,3,2,16,3,14,8,6,9,0,1,1,3,1,5,0,0
1486,28,1,1,1,3,2909,3,15,3,1,5,3,3,2,1,2,1,1,1,5,1,8,1,0
1487,29,13,1,2,2,5765,5,11,3,0,7,4,5,3,0,0,1,1,1,5,0,7,2,0
1489,34,24,1,2,2,4599,0,23,4,0,16,2,15,9,10,10,1,2,2,3,0,7,2,1
1492,35,7,4,1,3,2404,1,13,3,1,1,3,1,0,0,0,0,2,2,1,1,8,1,0
1494,24,9,2,1,1,3172,2,11,3,0,4,2,0,0,0,0,1,1,1,3,1,2,2,1
1495,24,13,4,1,2,2033,1,13,3,1,1,2,1,0,0,0,0,0,0,1,0,8,1,0
1496,44,2,2,3,3,10209,5,18,3,0,16,2,2,2,2,2,0,1,1,3,1,4,2,1
1497,29,19,3,2,3,8620,1,14,3,2,10,3,10,7,0,4,0,2,2,1,1,7,0,0
1499,30,1,3,1,3,2064,0,21,4,1,6,3,5,3,1,3,0,2,2,1,1,1,0,0
1501,55,4,4,2,3,4035,0,16,3,0,4,2,3,2,1,2,0,2,2,1,1,0,1,1
1502,33,4,1,1,2,3838,8,11,3,0,8,5,5,4,0,2,0,2,2,3,0,2,1,0
1503,47,14,3,2,3,4591,3,17,3,1,11,4,5,4,1,2,0,2,2,3,0,7,1,1
1504,28,2,3,1,1,2561,7,11,3,0,8,2,0,0,0,0,1,1,1,3,1,2,2,0
1506,28,1,1,1,3,1563,1,14,3,1,1,2,1,0,0,0,0,2,2,1,1,6,0,0
1507,28,7,3,2,1,4898,0,14,3,0,5,5,4,2,1,3,0,1,1,1,1,7,2,0
1509,49,3,3,2,1,4789,4,25,4,1,10,3,3,2,1,2,0,2,2,3,0,2,1,0
1513,29,2,4,1,2,3180,0,13,3,3,4,3,3,2,0,2,0,1,1,1,0,2,1,0
1514,28,29,3,2,2,6549,1,14,3,2,8,2,8,6,1,7,0,2,2,1,1,4,1,0
1515,33,8,4,2,3,6388,2,17,3,0,14,6,0,0,0,0,0,2,2,1,1,0,2,1
1516,32,10,3,3,4,11244,2,25,4,0,10,5,5,2,0,0,0,2,2,3,1,3,2,0
1520,54,11,2,4,4,16032,3,20,4,1,26,2,14,9,1,12,0,1,1,3,0,3,0,0
1522,29,1,1,1,1,2362,6,13,3,0,11,2,9,7,0,7,1,2,2,5,1,6,2,0
1523,44,28,4,4,1,16328,3,13,3,1,24,1,20,6,14,17,0,2,2,1,1,5,1,0
1525,39,6,2,3,2,8376,4,18,3,0,9,3,2,0,2,2,0,2,2,1,0,4,2,0
1527,46,3,3,4,2,16606,8,12,3,1,23,2,13,12,5,1,0,2,2,1,0,3,1,0
1529,35,16,4,3,2,8606,1,19,3,0,11,3,11,8,3,3,0,2,2,1,0,0,2,0
1533,23,20,1,2,3,2272,0,14,3,0,5,2,4,3,1,2,0,2,2,1,1,2,2,0
1534,40,9,4,1,1,2018,3,14,3,0,15,3,5,4,1,0,1,2,2,1,1,2,2,0
1535,34,1,4,3,3,7083,1,14,3,0,10,3,10,9,8,6,0,2,2,5,1,7,1,1
1537,31,3,4,1,3,4084,1,12,3,0,7,2,7,2,7,7,1,1,1,1,0,6,2,0
1539,50,22,3,4,4,14411,1,13,3,0,32,2,32,6,13,9,0,1,1,3,1,5,2,1
1541,34,7,2,1,3,2308,0,25,4,1,12,4,11,10,5,7,0,2,2,5,1,8,1,1
1542,42,2,3,1,2,4841,4,14,3,1,4,3,1,0,0,0,0,2,2,3,1,2,1,0
1543,37,13,1,2,4,4285,1,17,3,0,10,2,10,8,3,7,0,2,2,3,1,6,1,0
1544,29,8,3,2,1,9715,3,13,3,1,9,3,7,7,0,7,0,2,2,4,0,0,1,0
1545,33,25,4,2,2,4320,1,13,3,0,5,2,5,3,0,2,0,2,2,1,1,4,2,0
1546,45,28,4,1,4,2132,4,20,4,1,8,3,5,4,0,3,0,2,2,5,1,6,1,0
1547,42,2,4,3,4,10124,2,14,3,1,24,3,20,8,13,9,0,1,1,1,1,0,1,1
1548,40,9,1,2,1,5473,0,12,3,0,9,5,8,4,7,1,0,2,2,3,1,7,1,0
1549,33,28,2,2,3,5207,1,12,3,1,15,3,15,14,5,7,0,2,2,1,1,2,1,1
1550,40,6,3,4,4,16437,1,21,4,0,21,2,21,7,7,7,0,2,2,3,1,3,2,1
1551,24,21,3,1,1,2296,0,14,3,3,2,3,1,1,0,0,0,2,2,5,1,2,0,0
1552,40,8,4,2,4,4069,3,18,3,0,8,2,2,2,2,2,0,0,0,1,1,0,0,1
1553,45,1,1,3,2,7441,1,12,3,3,10,4,10,8,7,7,0,2,2,5,1,0,0,0
1554,35,28,2,1,3,2430,0,23,4,2,6,5,5,3,4,2,0,2,2,1,0,8,1,0
1555,32,5,4,2,2,5878,3,12,3,1,12,2,7,1,2,5,0,2,2,1,0,6,1,0
1556,36,2,3,1,4,2644,3,21,4,0,7,3,3,2,1,2,0,2,2,1,1,8,2,1
1557,48,16,3,2,3,6439,8,14,3,1,18,2,8,7,7,7,0,2,2,1,0,7,0,0
1558,29,9,3,1,3,2451,6,18,3,2,5,2,1,0,0,0,0,2,2,1,1,6,1,0
1560,33,8,1,2,1,6392,2,13,3,1,8,6,2,2,2,2,0,2,2,1,1,7,1,0
1562,30,1,2,2,1,9714,1,11,3,1,10,4,10,8,6,7,1,2,2,1,1,7,1,0
1563,38,10,3,2,3,6077,3,11,3,0,10,2,6,3,1,2,0,1,1,0,1,1,1,0
1564,35,1,4,1,1,2450,1,19,3,0,3,3,3,0,1,2,0,2,2,3,1,2,2,0
1568,30,29,3,3,2,9250,3,12,3,1,9,3,4,2,1,3,0,2,2,5,1,7,1,0
1569,35,2,1,1,1,2074,1,12,3,1,1,2,1,0,0,0,1,2,2,1,0,2,0,1
1572,53,2,3,3,4,10169,0,16,3,1,34,4,33,7,1,9,1,2,2,5,0,4,1,0
1573,38,2,3,2,2,4855,4,11,3,2,7,2,5,2,1,4,1,2,2,3,1,4,1,0
1574,32,1,4,2,1,4087,4,14,3,1,9,3,6,5,1,2,0,0,0,5,1,6,1,0
1576,48,15,3,1,1,2367,8,12,3,1,10,3,8,2,7,6,0,2,2,4,0,6,1,0
1577,34,7,1,1,4,2972,1,13,3,0,1,4,1,0,0,0,0,2,2,3,1,6,2,0
1578,55,26,3,5,4,19586,1,21,4,1,36,3,36,6,2,13,0,2,2,2,1,3,1,0
1580,34,1,2,2,4,5484,9,17,3,1,9,3,2,2,2,1,0,2,2,1,1,6,1,0
1581,26,3,1,1,4,2061,1,21,4,0,1,5,1,0,0,0,0,2,2,1,0,6,1,0
1582,38,14,3,2,2,9924,0,11,3,1,10,3,9,8,7,7,0,2,2,1,1,7,1,0
1583,38,16,2,2,2,4198,2,12,3,0,8,5,3,2,1,2,0,2,2,1,0,7,2,0
1585,36,1,2,2,3,6815,6,13,3,0,15,5,1,0,0,0,0,2,2,1,0,7,2,0
1586,29,3,2,1,1,4723,1,18,3,0,10,3,10,9,1,5,0,2,2,3,1,2,2,1
1587,35,10,1,2,3,6142,3,16,3,0,10,4,5,2,0,4,0,2,2,3,0,0,2,1
1588,39,6,4,3,3,8237,2,11,3,1,11,3,7,6,7,6,0,2,2,3,1,7,1,0
1590,29,2,1,2,4,8853,1,19,3,1,6,0,6,4,1,3,0,1,1,1,1,0,0,0
1591,50,9,3,5,3,19331,4,16,3,1,27,2,1,0,0,0,0,2,2,2,1,3,1,1
1592,23,10,4,1,3,2073,2,16,3,1,4,2,2,2,2,2,0,2,2,5,1,6,1,0
1594,36,6,1,2,1,5562,3,13,3,1,9,3,3,2,0,2,0,1,1,1,1,2,1,1
1595,42,9,4,5,4,19613,8,22,4,0,24,2,1,0,0,1,0,2,2,4,1,3,2,0
1596,35,28,2,2,3,3407,1,17,3,2,10,3,10,9,6,8,0,2,2,1,1,2,1,0
1597,34,10,4,2,3,5063,1,14,3,1,8,3,8,2,7,7,0,1,1,5,1,0,1,0
1598,40,14,4,2,1,4639,1,15,3,1,5,2,5,4,1,2,0,2,2,1,0,7,1,0
1599,43,27,4,1,2,4876,5,12,3,1,8,0,6,4,0,2,0,2,2,5,1,2,0,0
1601,35,7,3,1,4,2690,1,18,3,1,1,5,1,0,0,1,0,2,2,1,1,2,1,0
1602,46,1,4,4,1,17567,1,15,3,0,27,5,26,0,0,12,0,2,2,1,1,3,2,0
1604,28,24,3,1,2,2408,1,17,3,3,1,3,1,1,0,0,1,2,2,3,1,2,1,1
1605,22,26,2,1,3,2814,1,14,3,0,4,2,4,2,1,3,0,0,0,4,0,6,1,1
1606,50,20,2,4,3,11245,2,15,3,1,32,3,30,8,12,13,0,1,1,3,1,0,1,1
1607,32,5,2,1,4,3312,3,17,3,2,6,3,3,2,0,2,0,2,2,4,0,6,1,0
1608,44,7,2,5,4,19049,0,14,3,1,23,4,22,7,1,10,0,2,2,3,0,5,0,1
1609,30,7,2,1,2,2141,1,12,3,1,6,3,6,4,1,1,0,2,2,3,1,6,1,0
1611,45,5,3,2,1,5769,1,14,3,0,10,3,10,7,1,4,0,2,2,3,0,2,2,1
1612,45,26,1,2,1,4385,1,15,3,1,10,2,10,7,4,5,0,0,0,2,1,7,1,0
1613,31,2,4,2,1,5332,7,13,3,0,10,3,5,2,0,3,0,1,1,4,1,7,2,0
1614,36,12,3,2,3,4663,9,12,3,2,7,2,3,2,1,1,0,2,2,1,0,4,1,1
1615,34,10,3,2,4,4724,1,13,3,1,9,3,9,7,7,2,0,1,1,1,1,4,0,0
1617,49,25,3,1,1,3211,1,14,3,1,10,3,9,6,1,4,0,2,2,1,0,2,1,0
1618,39,10,2,2,1,5377,2,13,3,3,10,3,7,7,7,7,0,2,2,3,1,4,1,0
1619,27,19,4,1,1,4066,1,11,3,2,7,3,7,7,0,7,0,2,2,4,1,2,0,0
1621,35,18,2,2,1,5208,1,11,3,0,16,2,16,15,1,10,0,2,2,1,1,6,1,0
1622,28,27,2,2,1,4877,0,21,4,1,6,5,5,3,0,0,0,2,2,3,0,4,0,0
1623,21,5,3,1,4,3117,1,18,3,0,3,2,2,2,2,2,0,2,2,3,1,6,2,0
1624,18,3,2,1,4,1569,1,12,3,0,0,2,0,0,0,0,1,1,1,3,0,8,2,1
1625,47,26,4,5,3,19658,3,11,3,1,27,2,5,2,1,0,0,2,2,1,0,3,1,0
1627,39,3,3,2,3,3069,0,15,3,1,11,3,10,8,0,7,0,2,2,3,1,2,0,0
1628,40,15,1,3,3,10435,1,13,3,2,18,2,18,15,14,12,0,2,2,1,0,4,1,0
1630,35,8,3,2,3,4148,1,12,3,1,15,5,14,11,2,9,0,0,0,1,0,0,1,0
1631,37,19,3,2,3,5768,3,17,3,3,9,2,4,3,0,2,0,2,2,1,1,4,1,0
1633,39,4,1,2,3,5042,0,13,3,0,10,2,9,2,3,8,0,1,1,3,0,4,2,0
1635,45,2,4,2,4,5770,1,19,3,2,10,3,10,7,3,9,0,2,2,4,0,4,0,0
1638,38,2,4,3,3,7756,3,19,3,1,10,6,5,4,0,2,0,2,2,3,0,4,1,1
1639,35,10,4,3,1,10306,9,17,3,0,15,3,13,12,6,0,1,2,2,3,1,7,1,0
1640,37,10,2,1,2,3936,1,11,3,1,8,2,8,4,7,7,0,2,2,3,0,6,1,0
1641,40,16,3,3,4,7945,6,15,3,0,18,2,4,2,3,3,0,2,2,1,0,4,2,1
1642,44,1,1,2,4,5743,4,11,3,0,14,3,10,7,0,2,0,1,1,0,1,1,1,1
1644,48,4,3,4,4,15202,2,25,4,1,23,3,2,2,2,2,0,1,1,3,1,3,1,0
1645,35,15,1,2,4,5440,6,14,3,2,7,2,2,2,2,2,1,2,2,3,1,7,0,1
1646,24,2,1,1,4,3760,1,13,3,0,6,2,6,3,1,3,0,1,1,5,0,6,2,1
1647,27,8,2,1,3,3517,7,17,3,0,5,0,3,2,0,2,0,2,2,3,0,6,1,0
1648,27,2,4,1,4,2580,2,13,3,0,6,0,4,2,1,2,0,1,1,3,1,6,2,0
1649,40,7,1,1,1,2166,3,14,3,0,10,3,4,2,0,3,1,2,2,1,1,2,2,1
1650,29,10,3,2,3,5869,9,11,3,0,8,2,5,2,1,4,0,2,2,3,1,7,2,0
1651,36,5,2,3,1,8008,4,12,3,2,9,6,3,2,0,2,0,2,2,1,0,0,1,0
1653,25,2,4,2,3,5206,1,17,3,2,7,6,7,7,0,7,0,1,1,1,1,4,0,0
1654,39,12,4,2,2,5295,4,21,4,0,7,3,5,4,1,0,0,2,2,3,1,4,1,0
1655,49,22,1,4,2,16413,3,16,3,2,27,2,4,2,1,2,0,2,2,4,0,5,1,0
1656,50,17,4,3,1,13269,5,15,3,3,19,3,14,11,1,11,0,2,2,1,0,5,0,0
1657,20,2,3,1,3,2783,1,19,3,0,2,3,2,2,2,2,0,2,2,3,0,8,2,0
1658,34,3,4,2,2,5433,1,12,3,1,11,2,11,8,7,9,0,2,2,1,0,6,0,0
1659,36,7,1,1,2,2013,2,11,3,0,15,4,4,3,1,3,0,2,2,1,1,2,2,0
1661,49,6,3,4,3,13966,2,19,3,1,30,3,15,11,2,12,0,2,2,1,0,0,1,1
1662,36,1,4,2,3,4374,0,15,3,0,4,6,3,2,1,2,0,0,0,3,0,4,1,0
1664,36,3,4,2,1,6842,6,20,4,1,13,3,5,4,0,4,0,2,2,1,1,0,0,0
1665,54,22,2,4,3,17426,3,25,4,1,36,6,10,8,4,7,0,2,2,3,0,3,1,0
1666,43,15,3,4,3,17603,1,24,4,1,14,3,14,10,6,11,0,2,2,1,1,5,1,0
1667,35,12,4,2,4,4581,3,24,4,0,13,2,11,9,6,7,1,1,1,4,1,7,2,1
1668,38,1,4,2,4,4735,7,15,3,2,19,4,13,11,2,9,0,1,1,1,1,6,1,0
1669,29,5,1,2,2,4187,1,13,3,1,10,3,10,0,0,9,0,2,2,3,1,7,0,1
1670,33,2,4,2,4,5505,1,14,3,2,6,5,6,2,0,4,0,2,2,3,1,7,0,0
1671,32,2,4,2,2,5470,0,13,3,2,10,4,9,5,1,6,0,2,2,3,1,6,0,0
1673,31,5,1,2,4,5476,1,11,3,2,10,2,10,0,0,2,0,2,2,1,0,7,1,0
1674,49,16,4,1,1,2587,4,16,3,1,17,2,2,2,2,2,0,2,2,3,0,2,0,1
1675,38,2,4,1,2,2440,1,22,4,0,4,3,4,3,3,3,0,1,1,3,0,2,2,0
1676,47,2,2,4,2,15972,6,14,3,3,29,2,3,2,1,2,0,2,2,1,0,3,0,0
1677,49,1,3,4,3,15379,4,14,3,0,23,2,8,7,0,0,0,2,2,1,1,3,2,0
1678,41,23,4,3,3,7082,3,16,3,0,21,2,2,0,0,2,0,2,2,1,1,7,2,1
1680,20,9,4,1,1,2728,1,11,3,0,2,3,2,2,0,2,0,2,2,1,1,8,2,0
1681,33,16,3,2,4,5368,1,25,4,1,7,2,6,5,1,2,0,0,0,1,0,7,0,1
1682,36,26,1,2,3,5347,6,14,3,2,10,2,3,2,0,2,0,2,2,1,1,0,1,0
1683,44,1,3,1,4,3195,4,18,3,3,8,2,2,2,2,2,0,2,2,1,0,1,0,1
1684,23,8,4,1,3,3989,1,11,3,0,5,2,5,4,1,2,1,2,2,3,1,2,2,1
1687,38,4,4,1,3,3306,7,19,3,1,7,5,0,0,0,0,0,2,2,3,0,2,1,0
1689,53,24,2,3,4,7005,3,15,3,0,11,2,4,3,1,2,0,2,2,3,1,0,1,0
1691,48,7,4,1,3,2655,2,11,3,2,19,3,9,7,7,7,1,1,1,3,0,8,1,1
1692,32,2,4,1,2,1393,1,12,3,0,1,2,1,0,0,0,1,2,2,1,1,2,2,0
1693,26,7,4,1,4,2570,1,20,4,0,7,5,7,7,5,7,0,0,0,3,1,2,2,0
1694,55,22,1,1,2,3537,5,12,3,1,8,1,4,2,1,2,0,2,2,5,1,6,0,0
1696,34,5,2,2,4,3986,1,14,3,1,15,3,15,10,4,13,0,2,2,3,1,2,1,0
1697,60,1,3,3,4,10883,3,20,4,1,19,2,1,0,0,0,0,2,2,3,1,0,0,0
1698,33,21,2,1,2,2028,1,18,3,3,14,6,14,11,2,13,0,2,2,3,1,2,1,0
1700,37,1,3,2,4,9525,1,14,3,2,6,2,6,3,1,3,0,1,1,3,1,7,0,0
1701,34,19,2,1,4,2929,1,12,3,0,10,3,10,9,8,7,0,2,2,1,0,6,1,0
1702,23,7,3,1,4,2275,1,21,4,1,3,2,3,2,0,2,1,2,2,1,1,8,0,1
1703,44,2,3,3,4,7879,1,19,3,1,9,2,8,7,6,7,0,2,2,1,0,0,1,1
1704,35,2,1,1,4,4930,0,14,3,0,6,2,5,4,1,4,0,1,1,3,1,6,2,1
1706,43,2,4,2,4,7847,1,17,3,1,10,3,10,9,8,8,0,2,2,3,1,7,1,1
1707,24,9,3,1,3,4401,1,16,3,1,5,1,5,3,0,4,0,2,2,3,1,6,1,0
1708,41,6,4,3,3,9241,1,12,3,0,10,3,10,8,8,7,0,2,2,2,1,7,2,0
1709,29,9,4,1,3,2974,9,17,3,1,9,2,5,3,1,2,0,2,2,3,0,2,1,0
1710,36,2,3,2,4,4502,3,15,3,0,17,2,13,7,6,7,0,2,2,1,0,8,2,0
1712,45,1,3,3,3,10748,3,23,4,1,25,3,23,15,14,4,0,0,0,1,1,0,1,0
1714,24,22,4,1,3,1555,1,11,3,1,1,2,1,0,0,0,1,2,2,0,1,1,1,0
1716,47,9,3,4,3,12936,7,11,3,0,25,3,23,5,14,10,1,1,1,1,1,7,1,0
1718,26,17,4,1,3,2305,1,15,3,3,3,3,3,2,0,2,0,2,2,3,1,2,1,0
1719,45,28,4,4,2,16704,1,11,3,0,21,2,21,6,8,6,0,2,2,5,0,5,2,0
1720,32,10,1,1,3,3433,6,13,3,1,10,3,5,2,1,3,0,1,1,1,1,6,1,0
1721,31,2,2,1,3,3477,1,14,3,1,6,2,5,2,0,3,0,2,2,1,1,2,1,0
1722,41,4,3,2,2,6430,6,19,3,1,10,4,3,2,1,2,0,0,0,0,1,1,1,0
1724,40,8,2,2,1,6516,2,16,3,1,18,3,1,0,0,0,0,2,2,1,0,4,1,1
1725,24,29,2,1,1,3907,1,13,3,3,6,2,6,2,1,2,0,2,2,3,1,2,0,0
1727,46,13,3,2,2,5562,6,14,3,0,19,3,10,7,0,9,0,2,2,1,1,0,2,0
1728,35,27,4,2,3,6883,2,16,3,1,17,3,7,7,0,7,0,2,2,1,1,4,1,0
1729,30,16,2,1,4,2862,1,12,3,1,10,2,10,0,0,8,0,2,2,1,1,6,1,0
1731,47,2,3,2,2,4978,7,11,3,1,4,3,1,0,0,0,0,0,0,2,1,7,1,0
1732,46,2,3,3,4,10368,4,12,3,1,13,5,10,6,0,3,0,2,2,1,1,7,0,1
1733,36,13,2,2,1,6134,5,13,3,3,16,3,2,2,2,2,1,2,2,2,1,7,0,1
1734,32,1,1,2,2,6735,6,15,3,0,10,2,0,0,0,0,1,2,2,1,1,7,2,0
1735,23,4,3,1,2,3295,1,13,3,0,3,3,3,2,1,2,0,2,2,3,0,2,2,0
1736,31,24,4,2,4,5238,2,20,4,0,9,3,5,4,1,4,0,1,1,5,0,4,2,0
1737,39,1,4,2,4,6472,1,15,3,1,9,2,9,8,5,8,0,0,0,1,1,2,1,1
1739,32,19,4,3,3,9610,3,13,3,1,10,2,4,3,0,2,0,2,2,1,1,7,1,0
1740,40,7,2,5,2,19833,1,14,3,0,21,3,21,8,12,8,0,2,2,3,1,3,2,0
1744,45,4,3,3,3,9756,4,21,4,2,9,2,5,0,0,3,0,2,2,1,0,1,1,0
1745,30,2,4,1,1,4968,0,16,3,0,10,2,9,7,0,7,0,1,1,5,0,6,2,0
1746,24,10,1,1,4,2145,0,14,3,1,3,2,2,2,2,1,0,1,1,3,1,1,1,0
1747,30,8,3,1,4,2180,6,11,3,1,6,0,4,2,1,2,1,1,1,0,0,1,0,0
1749,31,5,1,2,3,8346,1,19,3,1,6,3,5,2,0,2,0,2,2,5,1,7,1,0
1751,27,8,3,1,4,3445,1,11,3,0,6,5,6,2,1,4,0,2,2,3,0,6,2,0
1752,29,9,2,1,2,2760,1,13,3,0,2,3,2,2,2,2,1,2,2,2,0,8,2,0
1753,29,1,4,2,3,6294,8,12,3,0,10,5,3,2,0,2,0,1,1,1,1,0,2,1
1754,30,15,3,3,1,7140,2,11,3,1,12,2,7,7,1,7,0,2,2,2,1,7,0,0
1755,34,2,4,1,4,2932,0,14,3,3,6,3,5,0,1,2,0,2,2,3,1,6,1,1
1756,33,2,4,2,2,5147,8,15,3,0,13,2,11,7,1,7,0,0,0,2,0,7,2,0
1757,49,11,4,2,4,4507,3,12,3,0,8,1,5,1,0,4,0,2,2,2,0,7,2,0
1758,33,16,1,3,1,8564,2,20,4,0,11,2,0,0,0,0,1,2,2,1,0,7,2,1
1760,38,2,3,1,2,2468,4,14,3,1,9,4,6,1,0,5,0,1,1,3,0,2,1,0
1761,31,16,1,3,3,8161,2,13,3,3,10,2,1,0,0,0,1,2,2,2,1,7,1,0
1762,29,4,4,1,1,2109,1,13,3,1,1,2,1,0,0,0,0,2,2,5,0,6,0,0
1763,30,16,3,2,3,5294,3,16,3,1,10,3,7,0,1,7,0,2,2,1,1,0,1,0
1764,32,5,2,1,2,2718,2,14,3,0,12,3,7,7,0,7,0,0,0,5,1,6,2,0
1766,38,18,2,2,4,5811,3,16,3,1,15,2,1,0,1,0,0,2,2,3,1,0,1,1
1767,43,17,3,1,3,2437,9,16,3,1,6,4,1,0,0,0,1,1,1,5,1,6,1,1
1768,42,12,2,1,2,2766,8,22,4,3,7,6,5,3,0,4,0,2,2,3,1,2,0,0
1770,55,2,3,5,1,19038,8,12,3,3,34,2,1,0,0,0,0,2,2,3,1,5,1,0
1771,33,4,4,2,2,3055,5,15,3,2,11,2,9,8,1,7,0,0,0,5,1,6,0,0
1772,41,9,3,1,1,2289,1,20,4,2,5,2,5,3,0,4,0,2,2,1,1,2,0,0
1774,34,10,4,2,3,4001,1,14,3,1,15,3,15,14,0,7,0,0,0,1,1,7,0,1
1775,53,1,1,4,3,12965,4,20,4,3,27,2,3,2,0,2,0,0,0,3,0,4,1,1
1778,43,2,2,1,4,3539,0,13,3,0,10,5,9,7,1,8,0,2,2,1,1,1,2,0
1779,34,3,4,2,4,6029,5,12,3,0,6,3,2,2,2,2,0,2,2,1,0,7,2,0
1780,21,7,2,1,2,2679,1,13,3,0,1,3,1,0,1,0,1,2,2,2,1,8,2,0
1782,38,6,4,1,3,3702,1,11,3,1,5,3,5,4,0,4,0,2,2,4,0,2,1,0
1783,22,8,3,1,1,2398,1,17,3,0,1,6,1,0,0,0,1,2,2,3,0,2,1,1
1784,31,29,1,2,4,5468,1,14,3,2,13,3,12,7,5,7,0,2,2,2,0,7,1,0
1786,51,3,1,3,3,13116,2,11,3,0,15,2,2,2,2,2,0,2,2,5,0,3,1,0
1787,37,9,2,2,2,4189,1,14,3,2,5,2,5,2,0,3,0,2,2,2,1,7,1,0
1789,46,2,3,5,4,19328,7,17,3,1,24,3,2,1,2,2,0,2,2,3,1,5,0,1
1790,36,10,4,3,1,8321,7,13,3,1,15,1,12,8,5,7,0,2,2,1,1,0,1,1
1792,44,1,3,1,2,2342,1,12,3,3,6,2,5,3,2,3,1,1,1,3,1,6,0,1
1794,37,8,3,2,2,4071,2,13,3,0,19,4,10,0,4,7,0,2,2,4,1,1,0,0
1797,35,27,3,2,4,5813,1,18,3,0,10,2,10,7,7,7,1,2,2,1,1,7,2,1
1798,33,8,4,1,1,3143,6,19,3,1,14,1,10,8,7,6,0,2,2,1,1,6,1,0
1799,28,1,3,1,4,2044,1,11,3,1,5,6,5,3,0,3,0,2,2,1,1,6,1,0
1800,39,10,3,3,3,13464,7,21,4,0,9,3,4,3,2,2,0,2,2,3,1,5,2,0
1801,46,26,2,2,2,7991,8,15,3,0,6,3,2,2,2,2,0,0,0,1,1,7,2,0
1802,40,2,3,1,1,3377,4,17,3,1,7,5,4,3,0,2,0,2,2,1,0,2,1,0
1803,42,13,2,2,1,5538,5,18,3,2,10,2,0,0,0,0,0,2,2,3,1,0,1,0
1804,35,2,2,2,4,5762,2,14,3,1,15,6,7,7,1,7,0,0,0,3,1,4,0,0
1805,38,2,1,1,2,2592,5,13,3,3,13,3,11,10,3,8,0,0,0,0,1,1,0,0
1807,34,9,4,2,1,5346,4,17,3,1,11,3,7,1,0,7,1,1,1,1,1,2,1,0
1809,37,10,4,2,1,4213,1,15,3,0,10,4,10,3,0,8,1,2,2,3,1,4,2,0
1812,39,20,3,2,4,4127,2,18,3,1,7,6,2,1,2,2,0,1,1,1,1,7,0,0
1813,43,9,1,1,3,2438,4,13,3,0,7,2,3,2,1,2,0,0,0,1,1,6,2,0
1814,41,5,2,2,2,6870,3,12,3,0,11,3,3,2,1,2,0,2,2,1,1,0,2,0
1815,41,4,3,3,3,10447,0,13,3,1,23,3,22,14,13,5,0,2,2,2,0,7,0,1
1816,30,10,1,3,3,9667,9,14,3,0,9,3,7,7,0,2,0,2,2,3,0,4,2,0
1818,26,20,4,1,2,2148,0,11,3,0,6,3,5,1,1,4,1,2,2,3,0,1,1,1
1821,46,21,4,2,2,8926,4,22,4,1,13,2,9,7,3,7,1,2,2,3,0,0,1,0
1822,40,1,3,2,4,6513,4,17,3,1,12,3,5,3,0,3,0,2,2,1,0,0,0,0
1823,34,8,2,2,3,6799,1,21,4,2,10,5,10,8,4,8,0,2,2,5,1,7,1,0
1824,58,2,2,4,2,16291,4,22,4,1,37,0,16,9,14,14,0,0,0,3,1,3,0,0
1826,35,23,2,1,3,2705,0,16,3,1,6,2,5,4,0,3,0,2,2,3,1,2,1,0
1827,47,4,3,3,2,10333,8,12,3,1,28,4,22,11,14,10,0,2,2,1,0,4,0,1
1829,40,12,2,2,1,4448,2,12,3,1,15,3,7,4,7,7,0,2,2,1,0,0,0,0
1830,54,7,4,2,4,6854,4,15,3,1,14,2,7,1,1,7,0,2,2,3,0,6,1,0
1833,31,7,1,3,1,9637,2,14,3,2,9,3,3,2,2,2,0,1,1,2,0,7,1,0
1834,28,1,3,1,1,3591,1,25,4,1,3,3,3,2,1,2,0,2,2,3,0,6,1,0
1835,38,2,2,2,4,5405,2,20,4,2,20,4,4,2,0,3,0,2,2,2,0,8,1,1
1836,26,10,3,2,4,4684,1,13,3,0,5,4,5,3,1,2,0,2,2,3,1,7,2,0
1837,58,15,1,4,3,15787,2,14,3,0,23,3,2,2,2,2,0,1,1,1,1,5,1,1
1839,18,14,2,1,3,1514,1,16,3,0,0,4,0,0,0,0,0,0,0,3,0,6,2,0
1842,31,18,4,1,1,2956,0,17,3,0,2,4,1,0,0,0,1,2,2,0,1,1,1,0
1844,29,13,1,1,1,2335,4,15,3,3,4,3,2,2,2,0,1,2,2,0,1,1,0,1
1845,45,2,3,2,3,5154,4,22,4,2,10,3,8,7,5,7,0,0,0,1,0,7,1,0
1847,36,2,4,2,2,6962,4,22,4,1,15,2,1,0,0,0,0,2,2,4,0,6,1,1
1849,43,2,1,2,4,5675,1,20,4,1,7,5,7,7,7,7,0,1,1,1,1,7,1,0
1850,27,5,4,1,4,2379,0,14,3,0,6,3,5,4,0,2,0,1,1,1,0,2,2,1
1852,29,20,4,1,4,3812,1,13,3,0,11,3,11,8,3,10,0,1,1,3,1,2,1,0
1853,32,10,4,2,4,4648,8,13,3,0,4,2,0,0,0,0,0,1,1,2,1,7,2,0
1854,42,10,3,1,3,2936,3,22,4,2,10,1,6,3,3,3,0,0,0,5,1,6,1,0
1856,47,9,2,1,3,2105,4,12,3,0,7,2,2,2,2,0,0,2,2,1,0,2,2,0
1857,46,2,4,3,4,8578,3,14,3,1,12,4,9,8,4,7,0,2,2,1,1,4,0,0
1858,28,1,3,1,4,2706,1,15,3,1,3,2,3,2,2,2,0,0,0,1,1,1,0,0
1859,29,29,4,2,3,6384,8,17,3,2,11,3,7,0,1,6,0,2,2,1,1,0,0,0
1860,42,8,4,1,3,3968,4,13,3,0,8,3,0,0,0,0,0,2,2,1,1,2,2,0
1862,32,2,3,2,2,9907,7,12,3,0,7,3,2,2,2,2,1,2,2,2,1,7,2,1
1863,46,3,1,4,1,13225,2,12,3,1,25,5,19,17,2,8,0,2,2,5,0,7,0,0
1864,27,23,2,2,3,3540,1,21,4,1,9,5,9,8,5,8,0,2,2,3,0,8,1,0
1865,29,6,4,1,2,2804,1,11,3,0,1,3,1,0,0,0,0,2,2,3,1,1,1,0
1866,43,6,1,5,3,19392,7,13,3,0,21,2,16,12,6,14,0,2,2,3,0,3,1,0
1867,48,10,4,5,2,19665,4,12,3,0,29,3,22,10,12,9,0,2,2,1,1,5,1,0
1868,29,24,4,1,4,2439,1,24,4,0,1,3,1,0,1,0,1,1,1,1,1,6,2,1
1869,46,10,3,3,2,7314,5,21,4,3,14,2,8,7,0,7,1,2,2,1,0,7,1,0
1870,27,15,4,1,1,4774,0,19,3,1,8,2,7,6,7,3,0,1,1,1,0,6,1,0
1871,39,19,4,2,4,3902,8,14,3,3,7,2,2,2,2,2,0,2,2,4,1,6,0,0
1873,55,2,2,1,4,2662,8,20,4,1,19,2,5,2,0,4,0,2,2,5,1,6,1,0
1875,28,3,2,1,2,2856,1,19,3,1,1,3,1,0,0,0,0,2,2,3,0,8,1,0
1876,30,9,2,1,4,1081,1,13,3,0,1,3,1,0,0,0,1,2,2,3,1,8,2,0
1878,22,7,4,1,2,2472,1,23,4,0,1,2,1,0,0,0,1,2,2,1,1,6,2,1
1880,36,10,2,2,3,5673,1,13,3,1,10,4,10,9,1,7,0,2,2,5,0,7,1,1
1881,31,20,2,2,3,4197,1,11,3,1,10,2,10,8,0,2,0,2,2,1,1,2,0,0
1882,34,4,3,3,4,9713,2,13,3,3,9,3,5,3,1,0,0,2,2,1,1,7,1,1
1883,29,7,4,1,1,2062,3,14,3,0,11,2,3,2,1,2,0,2,2,1,1,2,2,0
1885,37,7,4,2,1,4284,5,22,4,1,16,2,5,3,0,4,0,2,2,3,1,6,1,1
1886,35,16,4,2,2,4788,0,11,3,0,4,2,3,2,0,2,0,2,2,4,0,4,1,1
1888,45,25,2,2,4,5906,0,13,3,2,10,2,9,8,3,8,0,2,2,1,0,4,1,0
1890,36,2,2,2,4,3886,1,21,4,0,10,2,10,1,0,8,0,1,1,0,1,1,2,0
1892,40,1,1,4,1,16823,2,11,3,1,22,3,19,7,11,16,0,2,2,1,1,3,0,0
1893,26,1,2,1,3,2933,1,13,3,1,1,3,1,0,1,0,0,2,2,1,0,6,1,1
1898,27,2,1,2,3,6500,0,14,3,0,9,5,8,7,0,7,0,2,2,3,0,7,2,0
1900,48,22,4,4,4,17174,3,11,3,1,24,3,22,17,4,7,0,1,1,3,0,3,0,0
1903,44,1,2,2,1,5033,2,15,3,1,10,5,2,0,2,2,0,2,2,1,1,0,1,0
1905,34,16,4,1,1,2307,1,23,4,1,5,2,5,2,3,0,1,0,0,5,1,6,1,1
1907,56,24,1,1,4,2587,1,16,3,0,5,3,4,2,1,0,1,2,2,1,1,2,2,0
1908,36,17,3,2,2,5507,2,16,3,2,12,1,4,2,1,3,0,2,2,2,1,7,1,0
1909,41,8,3,2,2,4393,5,21,4,1,14,3,5,4,1,4,0,2,2,2,0,7,1,0
1911,42,6,3,3,1,13348,9,13,3,1,18,3,13,7,5,7,0,2,2,3,1,5,1,0
1912,31,10,3,2,4,6583,2,11,3,1,8,2,5,2,1,4,0,2,2,3,0,7,0,1
1915,34,3,4,2,4,8103,3,12,3,0,9,3,4,2,0,1,0,2,2,3,0,7,1,1
1916,31,4,1,1,3,3978,8,12,3,1,4,0,2,2,2,2,0,2,2,3,0,2,0,0
1918,26,6,3,1,4,2544,0,18,3,1,8,3,7,7,7,7,0,1,1,4,1,2,1,0
1922,45,1,2,2,3,5399,4,12,3,0,12,3,4,2,0,3,0,1,1,3,1,0,2,0
1924,33,10,2,2,3,5487,1,14,3,0,10,2,10,4,0,9,0,2,2,2,1,7,2,0
1927,28,1,3,2,4,6834,1,12,3,1,7,2,7,7,0,7,0,1,1,1,1,7,1,1
1928,29,24,3,1,1,1091,1,17,3,0,1,3,1,0,0,0,1,1,1,5,1,8,2,0
1929,39,21,1,2,3,5736,6,19,3,1,10,1,3,2,1,2,0,0,0,1,0,7,1,0
1931,27,2,2,1,2,2226,1,11,3,1,6,3,5,3,1,2,0,2,2,5,1,6,1,0
1932,34,22,3,2,4,5747,1,15,3,0,16,3,15,10,6,11,0,1,1,4,1,6,1,1
1933,28,13,4,2,3,9854,3,11,3,0,6,0,2,0,2,2,1,2,2,2,0,7,2,1
1934,47,14,3,2,2,5467,8,18,3,1,16,4,8,7,1,7,0,0,0,5,1,6,1,0
1935,56,11,4,2,1,5380,4,16,3,1,6,3,0,0,0,0,0,2,2,2,0,7,1,0
1936,39,9,1,2,1,5151,1,25,4,1,10,3,10,0,7,9,0,2,2,3,1,4,1,0
1937,38,8,4,2,2,2133,1,16,3,1,20,3,20,11,0,7,0,1,1,3,0,6,0,1
1938,58,21,4,4,4,17875,4,13,3,1,29,2,1,0,0,0,0,2,2,1,0,3,1,1
1939,32,5,1,1,3,2432,3,14,3,0,8,2,4,1,0,3,1,1,1,1,0,6,2,1
1940,38,9,2,1,4,4771,2,19,3,2,10,0,5,2,0,3,0,2,2,1,1,6,0,0
1941,49,2,2,5,4,19161,3,15,3,0,28,3,5,4,4,3,0,1,1,1,1,5,1,0
1943,42,12,2,2,4,5087,3,12,3,2,14,4,0,0,0,0,0,2,2,2,1,7,0,1
1944,27,22,1,1,2,2863,1,12,3,0,1,2,1,0,0,0,1,1,1,0,0,1,1,0
1945,35,18,2,2,1,5561,0,16,3,1,6,2,5,3,0,4,0,2,2,3,1,7,1,0
1947,28,16,3,1,3,2144,1,14,3,0,5,3,5,3,1,4,0,0,0,3,1,6,2,0
1948,31,3,3,1,1,3065,1,13,3,1,4,3,4,2,2,3,0,0,0,3,1,6,0,1
1949,36,9,1,1,2,2810,1,22,4,0,5,3,5,4,0,2,0,0,0,1,1,2,1,0
1950,34,1,1,3,4,9888,1,21,4,0,14,3,14,8,2,1,0,2,2,2,1,7,2,0
1951,34,13,4,3,3,8628,1,18,3,1,9,2,8,7,1,1,0,2,2,3,1,7,0,0
1952,26,1,3,1,1,2867,0,13,3,0,8,6,7,7,7,6,0,2,2,3,1,2,2,0
1954,29,1,1,2,1,5373,0,12,3,1,6,5,5,3,0,2,0,2,2,1,1,0,1,0
1955,32,15,3,2,4,6667,5,18,3,1,9,6,5,1,1,2,0,0,0,3,0,0,0,0
1956,31,1,4,2,1,5003,1,21,4,0,10,6,10,8,8,7,0,1,1,1,1,6,1,0
1960,28,17,3,1,4,2367,5,12,3,1,6,2,4,1,0,3,1,2,2,5,1,2,0,0
1961,38,1,1,1,1,2858,4,14,3,0,20,3,1,0,0,0,0,2,2,1,1,8,2,0
1962,35,7,3,2,4,5204,1,11,3,0,10,2,10,8,0,9,0,2,2,1,0,7,1,1
1965,27,9,4,2,4,4105,1,14,3,0,7,5,7,7,0,7,0,2,2,2,1,7,2,0
1966,32,5,4,2,4,9679,8,24,4,0,8,1,1,0,0,0,0,2,2,1,1,4,2,0
1967,31,26,1,2,4,5617,1,11,3,0,10,4,10,7,0,8,1,1,1,2,1,7,1,1
1968,53,24,1,3,1,10448,6,13,3,0,15,2,2,2,2,2,1,2,2,1,1,7,2,1
1969,54,9,1,2,3,2897,3,11,3,2,9,6,4,3,2,3,0,2,2,1,0,6,1,0
1970,33,7,4,2,3,5968,1,20,4,3,9,2,9,7,2,8,0,1,1,1,1,0,0,0
1971,43,11,1,3,3,7510,1,17,3,1,10,1,10,9,0,9,0,2,2,1,1,0,1,0
1972,38,1,4,1,2,2991,0,11,3,1,7,2,6,2,1,2,0,1,1,4,1,1,1,1
1973,55,26,3,5,2,19636,4,18,3,1,35,0,10,9,1,4,0,2,2,0,1,3,1,1
1974,31,2,4,1,4,1129,1,11,3,3,1,4,1,0,0,0,0,2,2,3,0,2,0,1
1975,39,15,2,4,1,13341,0,12,3,0,21,3,20,8,11,10,0,2,2,2,1,7,2,0
1976,42,23,4,2,3,4332,1,12,3,0,20,2,20,9,3,7,0,0,0,1,1,6,2,0
1979,31,10,3,3,3,11031,4,20,4,1,13,2,11,7,4,8,0,0,0,3,0,5,1,0
1980,54,10,3,2,1,4440,6,19,3,0,9,3,5,2,1,4,0,2,2,3,0,4,2,1
1981,24,1,2,2,3,4617,1,12,3,0,4,2,4,3,1,2,0,2,2,1,1,0,2,0
1982,23,12,4,1,4,2647,1,13,3,0,5,6,5,2,1,4,0,2,2,4,1,2,2,0
1985,40,11,4,2,3,6323,1,11,3,1,10,2,10,9,9,4,0,1,1,5,0,2,1,0
1986,40,2,2,2,2,5677,3,14,3,1,15,4,11,8,5,10,0,2,2,2,0,7,1,0
1987,25,2,3,1,2,2187,4,14,3,0,6,3,2,0,1,2,0,2,2,0,0,1,1,0
1989,30,1,4,1,2,3748,1,13,3,0,12,6,12,8,1,7,0,2,2,3,1,2,1,0
1992,25,2,4,1,3,3977,6,19,3,1,7,2,2,2,0,2,0,2,2,4,1,2,0,1
1993,47,25,1,3,3,8633,2,23,4,0,25,3,17,14,12,11,0,2,2,3,1,0,2,0
1994,33,1,2,1,3,2008,1,12,3,3,1,2,1,1,0,0,0,0,0,3,1,2,0,0
1995,38,1,4,2,2,4440,0,15,3,2,16,3,15,13,5,8,0,2,2,1,1,7,1,0
1996,31,2,1,1,3,3067,0,19,3,1,3,1,2,2,1,2,0,2,2,1,1,8,1,0
1997,38,6,1,2,3,5321,2,11,3,1,10,1,8,3,7,7,0,1,1,1,1,4,1,0
1998,42,18,4,2,1,5410,6,17,3,1,9,3,4,3,1,2,0,2,2,1,1,6,0,1
1999,41,1,4,1,4,2782,3,22,4,1,12,3,5,3,1,0,0,2,2,1,1,6,1,0
2000,47,1,3,3,2,11957,0,18,3,2,14,3,13,8,5,12,0,0,0,3,0,5,1,0
2003,35,11,4,1,3,2660,7,11,3,1,5,3,2,2,2,2,0,2,2,3,1,2,1,1
2007,22,1,4,1,3,3375,0,12,3,0,4,2,3,2,1,2,0,2,2,1,1,6,2,0
2008,35,9,2,2,3,5098,1,19,3,0,10,5,10,7,0,8,0,2,2,3,1,6,2,0
2009,33,15,2,2,4,4878,0,13,3,1,10,6,9,7,8,1,0,2,2,3,0,0,1,1
2010,32,29,3,1,2,2837,1,13,3,0,6,3,6,2,4,1,0,2,2,1,0,2,2,0
2012,40,1,1,1,4,2406,8,19,3,2,8,3,1,0,0,0,0,2,2,1,1,2,1,0
2013,32,1,2,1,2,2269,0,14,3,1,3,2,2,2,2,2,0,2,2,3,1,8,1,0
2014,39,24,1,2,4,4108,7,13,3,0,18,2,7,7,1,7,0,2,2,1,1,6,2,0
2015,38,10,2,3,3,13206,3,12,3,1,20,3,18,16,1,11,0,2,2,3,0,5,1,0
2016,32,1,3,3,4,10422,1,19,3,2,14,3,14,10,5,7,0,2,2,2,0,7,1,0
2017,37,10,3,3,4,13744,1,25,4,1,16,2,16,11,6,8,0,2,2,1,0,5,1,1
2018,25,8,1,2,3,4907,0,22,4,1,6,3,5,3,0,4,0,2,2,4,0,7,0,1
2019,52,29,1,1,4,3482,2,15,3,2,16,3,9,8,0,0,0,0,0,1,1,8,0,0
2020,44,1,2,1,4,2436,6,12,3,0,6,2,4,3,1,2,0,2,2,3,1,6,2,1
2021,21,5,3,1,1,2380,1,11,3,0,2,6,2,2,1,2,0,2,2,3,1,8,2,1
2022,39,9,4,5,4,19431,2,13,3,0,21,3,6,0,1,3,0,0,0,1,1,3,2,0
2023,23,9,4,1,1,1790,1,19,3,1,1,3,1,0,1,0,1,1,1,2,1,8,1,0
2024,36,3,1,3,4,7644,0,19,3,2,10,2,9,7,3,4,0,2,2,3,0,7,1,0
2025,36,4,4,2,2,5131,7,13,3,3,18,3,4,2,0,2,0,1,1,1,0,4,0,0
2026,56,1,3,2,3,6306,1,21,4,1,13,2,13,12,1,9,0,0,0,1,1,0,0,0
2027,29,1,1,1,4,4787,9,14,3,3,4,3,2,2,2,2,1,2,2,3,1,6,1,1
2031,42,2,1,5,3,18880,5,11,3,0,24,2,22,6,4,14,0,2,2,1,1,3,1,0
2032,56,7,4,1,3,2339,8,11,3,1,14,4,10,9,9,8,1,2,2,5,1,2,1,0
2034,41,28,1,4,2,13570,0,23,4,1,21,3,20,7,0,10,0,2,2,1,0,4,1,0
2035,34,28,4,2,3,6712,1,21,4,2,8,2,8,7,1,7,0,2,2,2,0,7,1,0
2036,36,15,4,2,4,5406,1,24,4,1,15,4,15,12,11,11,0,0,0,2,1,7,0,0
2037,41,3,3,2,2,8938,2,11,3,1,14,5,5,4,0,4,0,2,2,1,1,7,0,0
2038,32,2,4,1,1,2439,1,14,3,0,4,4,4,2,1,2,0,2,2,5,1,6,2,0
2040,35,26,3,3,4,8837,1,16,3,0,9,2,9,0,1,7,0,2,2,1,0,1,2,1
2041,38,10,1,2,4,5343,1,11,3,1,10,1,10,7,1,9,0,2,2,1,0,7,1,0
2044,50,1,2,2,3,6728,7,12,3,2,12,3,6,3,0,1,1,1,1,1,1,7,0,0
2045,36,11,2,2,4,6652,4,13,3,1,8,2,6,3,0,0,0,2,2,2,0,7,1,0
2046,45,20,4,2,3,4850,8,15,3,0,8,3,5,3,0,1,0,2,2,1,0,7,2,0
2048,40,2,3,1,3,2809,2,14,3,0,8,2,2,2,2,2,0,2,2,1,1,6,2,0
2049,35,18,3,2,3,5689,1,14,3,2,10,2,10,2,0,2,0,1,1,1,1,0,1,1
2051,40,2,3,1,3,2001,2,14,3,3,20,2,5,3,0,2,0,2,2,3,0,6,1,0
2052,35,1,3,1,4,2977,1,12,3,1,4,5,4,3,1,1,0,2,2,1,0,6,1,0
2053,29,13,4,2,2,4025,4,13,3,1,10,2,4,3,0,3,0,2,2,4,1,2,1,1
2054,29,28,4,1,1,3785,1,14,3,0,5,3,5,4,0,4,0,2,2,3,0,6,2,0
2055,50,28,4,3,1,10854,4,13,3,1,20,3,3,2,2,0,1,2,2,2,1,7,0,1
2056,39,24,2,4,4,12031,0,11,3,1,21,2,20,9,9,6,0,2,2,2,0,7,1,0
2057,31,5,2,2,1,9936,0,19,3,0,10,2,9,4,1,7,0,0,0,3,1,4,2,0
2060,26,5,4,1,3,2966,0,18,3,0,5,2,4,2,0,0,0,2,2,4,0,8,2,0
2061,36,23,3,2,4,2571,4,17,3,1,17,3,5,2,0,3,0,1,1,3,1,2,1,0
2062,39,6,4,3,1,9991,4,15,3,1,9,5,7,7,1,7,0,2,2,3,1,0,1,0
2064,27,4,2,2,2,6142,1,20,4,1,6,0,6,2,0,3,0,2,2,1,1,4,1,1
2065,49,2,4,2,2,5390,2,14,3,0,17,3,9,6,0,8,0,1,1,3,1,7,1,0
2068,34,8,2,2,3,4404,2,12,3,0,6,3,4,3,1,2,0,2,2,3,1,2,1,0
